Nama,Deskripsi,Bahan,"Tags (makanan, minuman, camilan)","Tags (manis, gurih, asin, pedas, pahit)",Kalori (100g),Gula(g),Lemak(g),Karbohidrat(g),Serat(g),Protein(g),Sodium(mg),Vitamin C(mg),Vitamin A(IU),Asal
lappet,"Lappet ini diolah dari beras yang disajikan dengan tambahan gula merah dan parutan kelapa di dalam daun pisang berbentuk kerucut. Di wilayah Dairi sendiri, Lappet biasanya menjadi salahsatu menu yang disajikan pada acara-acara hajatan, atau saat acara musyawarah keluarga. ","tepung beras, kelapa parut, gula merah, daun pandan, daun pisang",camilan,"manis, gurih",150,12,4,30,2,2,60,0,50,"Sidikalang, Sumatera Utara"
kue adee meureudu,"Kue tradisional ini dibuat dari singkong yang menghasilkan tekstur yang legit serta gurih saat masuk ke dalam mulut. Sejatinya, makanan khas ini biasa dihidangkan untuk tamu yang sedang berkunjung ke kediaman warga. ","singkong, bawang merah, telur ayam. Gula pasir, santan kental",camilan,"manis, gurih",180,10,7,35,1.5,3,80,0,60,"Meureudu, Aceh"
kelicuk,"Kudapan ini merupakan makanan pembuka sebelum makan berat atau biasa dimakan saat sarapan. Karena itu, kelicuk mudah ditemukan di pasar tradisional ataupun tempat sarapan pagi di Pagar Alam.","pisang, beras ketan putih, kelapa parut, gula merah, daun pandan, daun pisang",camilan,"manis, gurih",120,8,3,22,1,2,50,1,30,"Palembang, Sumatera Selatan"
gonjeng,"Makanan ini bisa ditemui di pasar-pasar yang antara lain ada di kecamatan Muara Pinang, Pendopo, Lintang Kanan dan Tebing Tinggi, Kabupaten Empat Lawang. Gonjeng dibuat menggunakan tepung beras dan kelapa parut sebagai bahan utamanya.","tepung beras, kelapa parut, air kelapa, garam, gula pasir",camilan,"asin, manis, gurih",130,7,4,25,1.2,2.5,70,1,45,"Palembang, Sumatera Selatan"
buah hongas,"Dari namanya seperti buah-buahan, namun sebenarnya Buah Hongas adalah kudapan sejenis gorengan yang cukup legendaris bagi masyarakat di Ogan Komering Ilir. Kudapan ini ini terbuat dari pisang buai atau pisang kepok yang dihaluskan dengan campuran tepung terigu.","pisang buai, tepung terigu, garam, vanili, gula halus, telur",camilan,"asin, manis",110,6,1.5,25,2.5,1,40,3,60,"Palembang, Sumatera Selatan"
kue putu kuning,"Kue putu kuning adalah salah satu kudapan tradisional masyarakat Kuala Jambi, Tanjung Jabung Timur tepatnya, di desa Teluk Mejelis. Awalnya kudapan ini merupakan kudapan bagi kalangan dan keturunan raja Melayu yang bermukim di kawasan hilir Sungai Batanghari.","tepung beras, gula jawa, garam, kunyit, bawang putih, serai, daun pandan, kelapa parut",camilan,"asin, manis, gurih",160,10,5,30,1.8,3,65,0,25,"Jambi, Jambi"
kue mayang papan,"Kue Mayang Papan adalah kudapan yang sering mereka nikmati untuk berbagai acara, baik acara formal ataupun non formal. Selain itu, kudapan ini juga menjadi oleh-oleh favorit para wisatawan yang berkunjung ke Aceh.","tepung beras, kapur sirih, gula pasir, gula palem, daging buah durian",camilan,manis,140,8,4,28,2,2,60,0,40,"Meulaboh, Aceh"
barongko,"Barongko merupakan kudapan khas di Sulawesi Selatan khususnya bagi suku Bugis dan suku Makassar. Barongko artinya singkatan dari Barangku mua udoko (bahasa Bugis), yang artinya barangku sendiri yang kubungkus.","pisang kepok, gula pasir, telur, santan, daun pisang",camilan,"manis, gurih",200,15,7,35,1.5,3.5,90,0,50,"Makassar, Sulawesi Selatan"
gogos,Gogos merupakan sajian makanan berbahan dasar beras ketan yang kemudian dimasak dengan santan. Setelah itu makanan ini dibungkus dengan daun pisang dan dibakar. Gogos biasanya dimasak di atas panggangan pada malam atau subuh sebelum melaksanakan shalat ied.,"ketan putih, santan, garam, daun pisang, ikan cakalang, kemangi, daun salam, daun jeruk",camilan,"asin, gurih",170,12,6,32,1.8,2.8,75,1,55,"Makassar, Sulawesi Selatan"
patlau,"Patlau adalah makanan yang terbuat dari bahan beras ketan dengan proses perebusan yang cukup lama. Uniknya, makanan yang dibungkus dari daun pisang ini memiliki bentuk segitiga panjang. Bentuk patlau tesebut sendiri diperoleh dari hasil cetakan yang terbuat dari bahan kayu.","ketan putih, kelapa parut, garam, air, daun pisang, kacang merah",camilan,"asin, gurih",130,9,3.5,28,2.2,2,60,0,30,"Pontianak, Kalimantan Barat"
cerorot,"Cerocot merupakan salah satu kue tradisional Suku Sasak di Pulau Lombok. Cerorot memiliki bentuk yang unik, seperti mata bor yang dililit oleh daun janur. Selain bentuknya yang unik, cerorot memiliki rasa yang manis.","tepung beras, gula merah, dan santan kelapa",camilan,"manis, gurih",140,10,4,29,1.5,2,65,0,35,"Kupang, Nusa Tenggara Timur"
temet,"Kerupuk Basah adalah kuliner daerah khas Kabupaten Kapuas Hulu, Kalimantan Barat. Dalam bahasa setempat penganan ini disebut Temet. Penganan ini berbahan dasar ikan sungai yang digiling kemudian dicampur tepung tapioka, serta bumbu-bumbu lain seperti bawang putih, merica, penyedap rasa, dan garam. ","tepung sagu, bawang putih, ikan tenggiri, kacang tanah, gula pasir, penyedap rasa",camilan,manis,120,7,3.5,23,2,2,50,1,45,"Pontianak, Kalimantan Barat"
kulfot,Kulfot adalah makanan khas masyarakat Negeri Kian Kecamatan Kiandarat Kabupaten Seram Bagian Timur Maluku yang diabadikan satu tahun sekali tepat di tuju hari setelah Lebaran Idul Fitri biasanya masyarakat menyebutnya Lebaran kedua atau Hari Raya Tujuh.,"ampas sagu, kacang ijo,  intang,  gula pasir, gula merah, santan, kenari, minyak goreng, daun pohon pinang",camilan,"manis, gurih",160,10,5,33,1.8,3,70,0,50,"Ambon, Maluku"
poteng jaje tujak,"Dalam Bahasa Indonesia, poteng jaje tujak berarti tape jajan tumbuk yang jadi makanan khas masyarakat Suku Sasak. Poteng jaje tujak yang disajikan dengan iwel menjadi makanan khas lebaran paling populer di Pulau Lombok, bahkan bisa mengalahkan lontong opor.","beras ketan, ragi tape, daun saga, gula, daun pisang",camilan,manis,180,11,6,34,2,3.2,80,0,60,"Flores, Nusa Tenggara Timur"
kue delapan jam,"Kue 8 jam merupakan olahan kue tradisional dari daerah Palembang, Sumatera Selatan. Umumnya pembuatan kue ini memakan waktu 8 jam dalam proses pengukusannya, setelah di kukus kemudian kue ini di panggang lagi dalam oven sekitar 15 menit supaya kue semakin lembut dan tahan lama.","telur, kental manis, gula pasir, mentega",camilan,manis,190,14,6.5,37,1.5,3,85,0,45,"Palembang, Sumatera Selatan"
kue bangkit,"Kue khas melayu Riau ini terbuat dari campuran tepung kanji, gula, telor dan bahan lainnya yang diramu sedemikian rupa dan dipanggang menggunakan oven sehingga kering. Teksturnya rapuh dengan rasa manis yang khas.","sagu tani, pandan, santan kental, gula, kuning telur, garam",camilan,"asin, manis, gurih",210,15,7,40,1.8,3.5,90,1,50,"Pekanbaru, Riau"
ketupat ketan,"Kuliner khas Minang ini biasa dijadikan kudapan saat lebaran. Ketupat ketan direbus menggunakan santan sehingga memiliki cita rasa yang gurih dan legit. Selain menjadi kudapan, ketupat ketan juga bisa dijadikan menu makanan utama.","ketan, kulit ketupat, santen kental, garam",camilan,asin,220,16,8,45,2,4,95,0,40,"Padang, Sumatera Barat"
lemet singkong," Lemet adalah olahan yang terbuat dari singkong parut yang dicampur dengan gula merah dan dibungkus menggunakan daun pisang. Makanan khas Yogyakarta ini, biasa ditemui saat momen perayaan tertentu, salah satunya saat lebaran. Lemet sendiri memiliki rasa yang legit dan juga manis karena gula merah yang ada di dalamnya.","singkong, kelapa parut, gula pasir, daun pandan, daun pisang",camilan,"manis, gurih",140,10,5,30,2.5,2,70,0,30,"Yogyakarta, Yogyakarta"
kue satu,"Kue Satu ini dibuat dari bahan dasar tepung ketan, kacang hijau dan gula yang kemudian diolah dengan cara yang unik, yaitu saat kue belum memasuki proses pengemasan, maka kue ini wajib untuk dijemur agar kue menjadi kering dan menghindari adanya bintik-bintik hitam.","kacang hijau, gula pasir, vanili, susu bubuk",camilan,manis,180,12,6,35,1.8,3,80,0,35,"Jakarta, DKI Jakarta"
timpahan,"Timphan adalah salah satu kue khas Aceh yang terbuat dari tepung beras, santan kelapa, pisang dan sejumlah bahan lainnya, dibalut dengan pucuk pisang dan dikukus. Timphan hanya didapati di Aceh atau di kalangan orang Aceh di perantauan. ","tepung ketan, santan, pisang raja, daun pisang, telur ayam, nangka masak, tepung terigu, daun pandan, kelapa parut",camilan,gurih,160,11,5,32,2,3,70,0,40,"Meulaboh, Aceh"
godok pisang,Godok pisang merupakan salah satu hidangan tradisional yang populer di Sumatera Barat. Makanan ini terbuat dari pisang matang yang dihaluskan kemudian digoreng. Cita rasanya yang unik menghadirkan perpaduan rasa pisang yang lembut.,"pisang kepok, tepung terigu, gula, garam, minyak goreng",camilan,"asin, manis",120,8,4,25,2,2,50,1,50,"Palembang, Sumatera Selatan"
carang gesing pisang,"Bahan utama adalah buah pisang yang dipotong-potong lalu diberi bumbu santan dan rempah penyedap (seperti daun pandan dan garam). Adonan ini lalu dibungkus daun pisang dan kemudian dikukus. Bentuk bungkusan serupa dengan nagasari, tetapi berbeda isinya.","pisang kepok, gula pasir, garam, agar-agar plain, telur, daun pandan",camilan,"asin, manis",140,9,3,27,2.2,2.5,55,0,45,"Boyolali, Jawa Tengah"
pisang epe,"Epe dalam bahasa lokal Makassar berarti jepit. Ini karena pembuatan pisang epe dijepit atau dipipihkan dengan alat press yang terbuat dari papan kayu. Setelah pisang raja dibakar, kemudian dijepit atau dipenyet.","pisang kepok matang, mentega, kacang tanah, gula merah, garam, daun pandan",camilan,"asin, manis",130,8,3,26,2.5,2.2,60,1,50,"Makassar, Sulawesi Selatan"
kue talam pisang,"Kue basah berbahan dasar tepung beras, santan, dan pisang yang dikukus. Memiliki tekstur lembut dengan rasa manis dari pisang.","Pisang, tepung beras, tepung tapioka, santan, gula, garam.",camilan,"asin, manis, gurih",160,12,5,30,2.3,3,70,0,45,"Pekanbaru, Riau"
nagasari,Kue tradisional berisi pisang yang dibungkus dengan daun pisang dan dikukus.,"Tepung beras, tepung tapioka, santan, gula, pisang.",camilan,"manis, gurih",180,14,6,35,1.8,3.5,80,0,55,"Serang, Banten"
agar hijau kolak pisang,Perpaduan agar-agar hijau dengan kuah kolak berisi pisang.,"Agar-agar hijau, daun pandan, santan, gula merah, pisang.",camilan,"manis, gurih",120,10,4,25,1.5,2.2,60,1,45,"Tapanuli Utara, Sumatera Utara"
lepet jagung manis,"makanan ringan yang dapat dijumpai dimana saja di kawasan Indonesia, berbahan dasar jagung","jagung manis, kelapa parut, tepung beras, gula.",camilan,"manis, gurih",150,10,5,30,1.7,3,65,0,40,"Bima, Nusa Tenggara Barat"
talam jagung degan,"Kue talam jagung merupakan jajanan tradisional yang terbuat dari bahan sederhana, di antaranya, jagung, santan, dan tepung hunkwe","jagung, santan, tepung hunkwe",camilan,gurih,170,12,6,32,1.5,3,75,0,50,"Batu, Jawa Timur"
pakis krispi ,"Desa Wisata Selasari terkenal dengan banyaknya petani pakis nya, dan kebanyakan orang mengolah sayuran pakis dengan di tumis, tapi beda lagi dengan pakis yang satu ini. Masyarakat berinovasi untuk mengolah pakis menjadi cemilanyang nikmat, renyah, bergizi dan pastinya murah meriah yaitu Pakis Crispy","pakis segar, tepung terigu, tepung beras, bawang putih",camilan,asin,250,1,15,20,5,3,400,30,250,Jawa Barat
talam jagung lapis telang,kue lapis berbahan dasar jagung dengan lapisan bewarna biru alami dari bunga telang,"jagung manis, tepung beras, santan, gula, bunga telang",camilan,"manis, gurih",160,10,5,28,2.1,3,70,1,45,"Padangsidimpuan, Sumatera Utara"
puding legung,puding khas pekalongan yang memiliki tekstur kenyal dan rasa manis,"tepung beras, tepung tapioka, gula merah, santan",camilan,"manis, gurih",190,15,8,36,1.8,3.5,85,0,50,"Pekalongan, Jawa Tengah"
klepon,"kue basanh berbentuk bulat seperti bola warna hijau, diisi dengan gula merah cair dan dilapisi kelapa parut","tepung ketan, pasta pandan, gula merah, kelapa parut",camilan,"manis, gurih",220,18,8,40,2.5,4,90,1,60,"Indonesia, -"
kue lumpur,kue lembut dan manis berbahan dasar tepung beras dengan daging buah kelapa didalamnya menambahkan tekstur yang lain,"santan, telur, gula pasir, tepung terigu, tepung beras, daging kelapa",camilan,"manis, gurih",200,16,6,38,2,3.5,80,0,45,"Sidoarjo, Jawa Timur"
kue serabi solo,jajanan tradisional yang memiliki rasa yang gurih santan dengan tekstur lembut,"tepung beras, tepung tapioka, gula pasir, ragi instan, santan kental",camilan,"manis, gurih",210,14,7,40,1.5,3.2,85,0,50,"Solo, Jawa Tengah"
dadar gulung,kue manis berbentuk bulat memanjang dan di dalamnya terdapat parutan kelapa yang dicampur dengan gula jawa cair.,"tepung, santan, pasta pandan, kelapa parut, gula merah",camilan,"manis, gurih",150,10,5,30,2.1,3,70,1,55,"Indonesia, -"
kue lapis medan,"kue yang memiliki tampilan menarik, berlapis warna-warni berbahan dasar tepung beras","tepung beras, santan, gula, pewarna makanan",camilan,"manis, gurih",180,12,6,34,2,3.5,75,0,50,"Medan, Sumatera Utara"
kembang goyang,kue kering berbentuk bunga yang dibuat dengan cetakan khusus memiliki rasa yang manis dan gurih kacang wijen ,"tepung beras, telur, santan, gula wijen",camilan,"manis, gurih",160,10,5,32,1.8,3,70,0,45,"Jakarta, DKI Jakarta"
lupis,"Ada dua bentuk lupis yang umum ditemui, yakni berbentuk segitiga atau bulat memanjang seperti lontong.[1] Lupis terbuat dari beras","beras ketan, kelapa parut, gula merah",camilan,"manis, gurih",190,16,7,36,2,4,80,1,50,"Indonesia, -"
putu bambu,Putu Bambu terbuat dari tepung beras yang dikrawu (diaduk menggunakan tangan) dengan air bersama tetesan pewarna pandan lalu dikukus sebentar untuk menghasilkan tepung bertekstur gumpal kasar. Makanan ini dimasak menggunakan bambu yang sudah dibolongi tengah,"tepung beras, gula jawa, kelapa parut",camilan,"manis, gurih",210,17,8,38,2.5,4,90,0,60,"Jawa, -"
kue dangai,Kue ini biasanya dibuat dari tepung pulut atau tepung ketan yang dicampur dengan gula dan kelapa pilihan. Kue ini benar-benar menunjukan jati diri orang Melayu yang dahulu kala kebanyakan bermukim di tepi pantai dengan komoditas kelapa sebagai tanaman utamany,"kelapa, tepung ketan, gula pasir, garam",camilan,"asin, manis, gurih",220,15,9,40,2,4.5,100,0,55,"Medan, Sumatera Utara"
kue goreng gadong,Makanan khas Sumatera Utara yang satu ini merupakan jajanan khas Batak yang mirip dengan lampet. Terbuat dari campuran tepung beras dan parutan kelapa yang berisi gula aren atau gula merah. Sajian kue goreng gadong ini dimasak dengan cara digoreng sesuai dengan namanya.,"ubi kayu, gula merah, garam",camilan,"asin, manis",200,13,7,37,2,3.5,85,1,50,"Medan, Sumatera Utara"
cimpa,Makanan khas Karo ini terbuat dari beras ketan yang diisi dengan gula dan parutan kelapa. Cimpa biasanya dibungkus dengan daun pisang atau daun singkut. ,"tepung ketan, tepung beras, gula merah, kelapa parut, daun singkut",camilan,"manis, gurih",170,12,6,32,2,3,80,0,45,"Medan, Sumatera Utara"
hihindat ni andalu,"Hihindat Ni Andalu terbuat dari bahan dasar tepung beras dicampur dengan buah pisang dan diberikan sedikit gula, keunikan dari kuliner ini adalah dari proses pembuatannya yang sedikit gampang dan sulit, seperti dengan namanya Hihindat Ni Andalu yang berarti di angkat oleh Kayu Penumbuk Lesung","tepung beras, buah pisang, gula",camilan,manis,160,11,5,30,2.5,3,70,0,40,"Medan, Sumatera Utara"
kue ombus-ombus,Kue ombus-ombus terbuat dari tepung beras yang diberi gula di tengahnya dan dibungkus dengan daun pisang. Nama Ombus-ombus itu konon dibuat harus memberi tiupan (menghembuskan nafas) ketika memakannya dan kue ini enak dimakan di saat masih hangat.,"tepung beras, tepung ketan, gula pasir, kelapa parut, garam, gula merah, daun pisang",camilan,"asin, manis, gurih",180,14,6,34,2.2,3.5,75,0,50,"Tarutung, Sumatera Utara"
alame,Alame juga sering disebut Dodol Mandailing. Tradisi memasak Alame biasanya ramai saat bulan puasa sebagai penganan untuk merayakan hari raya Idul fitri. Pengrajin Alame di Panyabungan menjadikan Alame sebagai mata pencaharian yang pemasarannya tembus hingga Malaysia.,"beras pulut, tepung terigu, gula aren, santan kelapa, vanili",camilan,"manis, gurih",150,10,4,28,2.5,2.8,60,0,45,"Medan, Sumatera Utara"
lopek maga,"Lopek Maga atau Lepat Maga adalah kue basah yang terbuat dari tepung ketan yang berisi kelapa parut yang dicampur gula merah. Lopek ini dinamai Lopek Maga karena berasal dari Desa Maga Lombang, Kec. Lembah Sorik Marapi. ","tepung ketan, kelapa parut, gula merah, daun pandan",camilan,"manis, gurih",140,8,3.5,26,2,2,55,1,40,"Medan, Sumatera Utara"
bika bakar mandailing,Kabupaten Mandailing Natal memiliki makanan enak yang bentuknya mirip seperti serabi. Makanan enak ini bernama Bika Bakar. Pembuatannya juga cukup unik karena menggunakan sabut kelapa.,"tepung singkong, tepung beras, gula pasir, santan, kelapa parut, baking powder",camilan,"manis, gurih",200,16,8,38,2,4.5,90,0,50,"Mandailing Natal, Sumatera Utara"
dolung-dolung,"Dolung-dolung adalah makanan sejenis kue lepat berbentuk bulat ini berasal dari Parapat, kota yang terletak di tepi Danau Toba. Jajanan tradisional ini terbuat dari tepung beras dengan isi gula aren campur kelapa parut dan dibungkus menggunakan daun bambu.","tepung ketan, kelapa parut, garam, gula merah",camilan,"asin, manis, gurih",180,13,5,33,2.1,3.2,75,1,45,"Danau Toba, Sumatera Utara"
kue karud,"Jaje Karud adalah kue tradisional Bali. Jajanan tradisonal khas Bali biasa disebut dengan ""Jaje Bali"". Jaje jika diterjemahkan ke bahasa Indonesia, berarti ""jajanan"". Karud terbuat dari campuran tepung beras, air, gula, dan beberapa bahan tambahan serta daun pandan/daun suji sebagai bahan pewarna hijau alami. ","tepung beras, gula merah, kelapa, daun suji, kapur sirih, pelepah pisang",camilan,"manis, gurih",170,12,4,30,2.5,3,70,0,40,"Denpasar, Bali"
rujak kuah pindang,"Bumbunya yang khas dan aneka buah di dalamnya membuat makanan ini digandrungi oleh penikmatnya. Sesuai dengan namanya, rujak kuah pindang menggunakan bumbu yang berasal dari kaldu ikan pindang. Bagi yang tidak pandai mengolahnya, rujak tersebut akan terasa amis.","ikan pindang, garam, daun salam, serai, terasi udang, gula pasir, cabai, petis, mangga, jambu, mentimun, bengkoang, kedondongm belimbing",camilan,"asin, manis, pedas",140,8,3.5,25,3,2,60,2,50,"Denpasar, Bali"
laklak,"Laklak biasanya disajikan sebagai sarapan pagi. Laklak banyak ditemukan di pasar tradisional pada pagi hari. Selain itu, Laklak juga dibuat secara khusus sebagai hidangan pesta dan upacara adat","santan, tepung terigu, air, kelapa parut, daun suji, baking powder, garam, gula merah, gula pasir, daun pandan",camilan,"asin, manis, gurih",190,14,7,34,2,3.5,80,0,55,"Denpasar, Bali"
jaje bendu,"Kue jaje bendu biasa digunakan untuk upacara perkawinan. Kue jenis ini sudah tersebar di seluruh Bali, dibuat selain digunakan untuk keperluan upacara keagamaan (sebagai sajian) juga dibuat untuk dijual. Kue ini tidak tahan lama, paling lama tahan selama satu hari.","tepung ketan, air, garam, kelapa parut, gula merah, garam, daun pandan",camilan,"asin, manis, gurih",150,10,4,28,2,2.5,60,1,45,"Denpasar, Bali"
celimbungan,"Roti goreng isi kelapa dan gula merah, khas Palembang.","Tepung, kelapa, gula merah",camilan,"manis, gurih",160,11,5,30,2.2,3,70,0,50,"Palembang, Sumatera Selatan"
roti jala,Roti berbentuk jala yang disajikan dengan kari.,"Tepung, kari",camilan,"manis, gurih, asin",210,15,8,39,1.5,4,90,0,60,"Tanjungpinang, Kepulauan Riau"
rusip,"Ikan yang diasinkan dan dicampur dengan bumbu pedas, sering dimakan dengan nasi.","Ikan, bumbu pedas",camilan,pedas,180,12,5,33,2,3.2,80,0,55,"Pangkal Pinang, Bangka Belitung"
pantiaw,"Kue kering berbentuk tipis, terbuat dari tepung dan kelapa.","Tepung, kelapa",camilan,gurih,220,18,9,40,2,4.5,100,0,60,"Pangkal Pinang, Bangka Belitung"
kue bay tat,Kue manis berbahan dasar kelapa parut dan tepung ketan.,"Kelapa, tepung ketan",camilan,gurih,180,12,6,32,2,3,75,0,45,"Bengkulu, Bengkulu"
kue lepek binti,Kue tradisional dari tepung ketan yang dibungkus daun pisang.,"Tepung ketan, daun pisang",camilan,manis,150,9,4,28,2,2.8,60,1,50,"Bengkulu, Bengkulu"
kue padamaran,Kue tradisional yang terbuat dari tepung ketan dan gula merah.,"Tepung ketan, gula merah",camilan,manis,170,11,5,30,2.3,3.5,70,0,45,"Jambi, Jambi"
kentan bintul,Kentang yang digoreng dengan bumbu pedas dan manis.,"Kentang, rempah, gula",camilan,manis,160,10,4,28,2,2.5,65,1,40,"Pandeglang, Banten"
peuyeum,Tape singkong yang difermentasi dengan rasa manis dan sedikit asam.,"Singkong, ragi",camilan,manis,140,9,3,26,2.5,2,55,0,30,"Bandung, Jawa Barat"
coleknak,Camilan berupa tahu atau tempe yang dibalut oncom dan bumbu.,"Tahu/tempe, oncom, bumbu",camilan,"gurih, asin",180,12,6,35,2,3,75,0,50,"Bandung, Jawa Barat"
bakpia,"Kue kering dengan isian kacang hijau manis, khas Yogyakarta.","Kacang hijau, tepung",camilan,"manis, asin",220,18,9,40,2.5,4,100,1,60,"Yogyakarta, Yogyakarta"
kerak telor,Makanan khas Betawi berupa nasi ketan yang dibakar dan disajikan dengan telur serta bumbu.,"Nasi ketan, telur",camilan,"gurih, asin",250,20,12,30,1.5,6,80,0,70,"Jakarta, DKI Jakarta"
kue jawada,Kue tradisional NTT yang terbuat dari ketan hitam dan gula merah.,"Ketan hitam, gula merah",camilan,manis,210,15,7,38,2,3.5,85,0,55,"Kupang, Nusa Tenggara Timur"
pengkang,Makanan khas Pontianak yang terbuat dari ketan yang dibungkus daun pisang.,"Ketan, daun pisang",camilan,"gurih, manis",180,12,6,34,2,3,70,1,45,"Pontianak, Kalimantan Barat"
pisang goreng pontianak,"Pisang goreng dengan taburan gula pasir, camilan manis khas Kalimantan Barat.","Pisang, gula",camilan,manis,250,15,13,35,2.3,3.2,90,0,60,"Pontianak, Kalimantan Barat"
roti srikaya,Roti yang terbuat dari bahan tepung dan kelapa dengan isi srikaya manis.,"Tepung, kelapa, srikaya",camilan,gurih,200,16,8,40,1.8,3.5,80,1,55,"Pontianak, Kalimantan Barat"
bangamat,Makanan yang terbuat dari beras ketan dengan kelapa parut.,"Beras ketan, kelapa",camilan,gurih,180,14,7,32,2.2,3.2,70,0,50,"Palangkaraya, Kalimantan Tengah"
cacapan asam,Sambal khas Kalimantan Selatan yang dibuat dari cabai dan bahan asam.,"Cabai, asam",camilan,pedas,150,6,5,20,2,4,250,10,150,"Banjarmasin, Kalimantan Selatan"
sambal raja,"Sambal pedas khas Kalimantan Timur yang terbuat dari cabai, tomat, dan rempah.","Cabai, tomat, rempah",camilan,pedas,120,2,8,10,1,2,300,10,120,"Samarinda, Kalimantan Timur"
kue lapis cempedak,Kue lapis khas Kalimantan Utara yang terbuat dari cempedak dengan lapisan warna-warni.,"Cempedak, tepung",camilan,manis,200,18,9,30,1.5,3,150,2,30,"Tanjung Selor, Kalimantan Utara"
sambusa,Camilan gorengan yang berisi daging atau sayuran dengan bumbu pedas.,"Daging/sayuran, rempah",camilan,"gurih, asin",220,10,12,26,3,4,300,5,50,"Mamuju, Sulawesi Barat"
kue paso,Kue tradisional yang terbuat dari tepung ketan dengan isian kelapa.,"Tepung ketan, kelapa",camilan,gurih,250,20,10,35,2.5,5,150,1,40,"Mamuju, Sulawesi Barat"
kue kui kui,"Kue kecil yang terbuat dari bahan dasar tepung ketan dan kelapa, dimasak dengan cara dikukus.","Tepung ketan, kelapa",camilan,gurih,220,18,9,35,2,3,150,2,30,"Mamuju, Sulawesi Barat"
tili aya,Makanan ringan terbuat dari ketan yang dikukus dengan kelapa.,"Ketan, kelapa",camilan,gurih,200,14,8,36,3,4,85,0,45,"Gorontalo, Gorontalo"
sambal colo-colo,"Sambal khas Maluku Utara yang terbuat dari cabai, tomat, dan rempah.","Cabai, tomat, rempah",camilan,pedas,150,5,7,20,1.5,2,250,15,100,"Ambon, Maluku"
sagu lempeng,Makanan khas Papua Barat Daya yang terbuat dari sagu yang dimasak dan dipanggang.,Sagu,camilan,gurih,220,10,10,35,2.5,3,150,0,20,"Sorong, Papua Barat"
kue lontas,Kue tradisional Papua yang terbuat dari tepung dengan isi kelapa parut.,"Tepung, kelapa",camilan,gurih,230,18,11,30,2,4,120,2,40,"Merauke, Papua"
bubur sekoi,"Bubur yang terbuat dari biji jagung dengan gula merah, biasanya dimakan pagi.","Jagung, gula merah",camilan,manis,180,8,4,28,3,4,220,6,150,"Bengkulu, Bengkulu"
karedok,"Salad sayur segar dengan bumbu kacang pedas, sering disajikan dengan tahu.","Sayuran, bumbu kacang",camilan,"asin, pedas, manis",100,5,7,15,4,5,150,15,120,"Bandung, Jawa Barat"
rujak cingur,"Rujak dengan bahan utama dari irisan daging sapi, sayur, dan sambal petis.","Daging sapi, sayur, petis",camilan,"asin, pedas, manis",200,8,12,18,2.5,4,180,10,50,"Surabaya, Jawa Timur"
rujak bulung,Rujak dengan campuran buah-buahan tropis dan bumbu pedas.,"Buah-buahan, bumbu pedas",camilan,pedas,180,5,8,20,3,5,210,5,40,"Denpasar, Bali"
mie aceh,"Mie dengan kuah kental dan bumbu rempah khas Aceh, biasanya disajikan dengan daging kambing atau udang.","Mie, daging kambing, udang, rempah",makanan ,"asin, pedas",350,4,16,45,3,10,500,0,50,"Banda Aceh, Aceh"
kuah beulangong,"Sup pedas dengan ikan tongkol, santan, dan rempah khas Aceh.","Ikan tongkol, santan, rempah",makanan ,gurih,150,5,6,15,2,5,200,5,60,"Banda Aceh, Aceh"
asam keueng,"Sup asam dengan ikan, disajikan dengan kuah pedas dan sedikit asam.","Ikan, rempah, asam",makanan ,asin,180,6,7,25,3,6,250,10,80,"Banda Aceh, Aceh"
mie gomak,Mie khas Medan dengan kuah kaldu gurih dan berbagai bahan tambahan.,"Mie, kaldu, daging ayam, udang",makanan ,"asin, gurih, pedas",330,5,14,45,2.5,8,450,5,70,"Medan, Sumatera Utara"
lontong medan,"Lontong dengan kuah kari pedas dan isian daging, telur, dan tempe.","Lontong, daging, telur",makanan ,"asin, gurih",220,7,8,35,2.5,6,250,5,50,"Medan, Sumatera Utara"
soto medan,"Soto dengan kuah bening, ayam, dan rempah, disajikan dengan nasi atau lontong.","Ayam, rempah, nasi, lontong",makanan ,"asin, gurih",250,3,15,22,2,12,450,8,70,"Medan, Sumatera Utara"
bihun bebek medan,"Bihun dengan kuah gurih, disajikan dengan daging bebek yang empuk.","Bihun, bebek, rempah",makanan ,"asin, gurih",300,5,18,35,3,10,600,0,60,"Medan, Sumatera Utara"
rendang,Daging sapi dimasak dengan santan dan rempah-rempah sampai kering dan berwarna coklat.,"Daging sapi, santan, rempah",makanan ,gurih,300,2,18,25,1.5,15,450,2,70,"Padang, Sumatera Barat"
sate padang,Sate daging sapi dengan bumbu kacang pedas khas Padang.,"Daging sapi, bumbu kacang",makanan ,"asin, gurih",270,3,15,18,2,20,400,5,60,"Padang, Sumatera Barat"
nasi padang,"Nasi dengan berbagai lauk pauk, biasanya dengan sambal yang pedas.","Nasi, lauk pauk, sambal",makanan ,"asin, gurih",350,5,16,50,3,12,550,8,60,"Padang, Sumatera Barat"
soto padang,Sup dengan kuah kaldu bening dan isian daging sapi serta rempah.,"Daging sapi, rempah",makanan ,"asin, gurih",200,2,10,22,2,12,400,10,80,"Padang, Sumatera Barat"
gulai tambusu,Gulai daging atau ikan dengan kuah santan dan rempah yang kuat.,"Daging/ikan, santan, rempah",makanan ,gurih,250,6,14,30,3,8,350,5,70,"Padang, Sumatera Barat"
pempek,"Makanan berbahan dasar ikan tenggiri dan tepung, disajikan dengan kuah cuka pedas.","Ikan tenggiri, tepung, cuka",makanan ,"asin, gurih, pedas",300,4,16,32,3,15,450,8,60,"Palembang, Sumatera Selatan"
tekwan,"Sup ikan dengan bola ikan, jamur, dan mie soun, disajikan dengan kuah bening.","Ikan, mie soun, jamur",makanan ,"asin, gurih",250,5,12,30,3,10,400,10,70,"Palembang, Sumatera Selatan"
pindang patin,Sup ikan patin dengan kuah pedas dan asam.,"Ikan patin, rempah, asam",makanan ,"asin, gurih",200,2,7,20,2,15,350,15,80,"Palembang, Sumatera Selatan"
mie celor,Mie dengan kuah santan kental dan disajikan dengan telur serta sayuran.,"Mie, santan, telur, sayur",makanan ,gurih,350,5,18,45,3,9,500,8,70,"Palembang, Sumatera Selatan"
makauhe tumpah,Bubur ketan hitam dengan kelapa parut dan gula merah.,"Ketan hitam, kelapa, gula merah",makanan ,"manis, gurih",280,7,14,35,2,12,400,8,60,"Pekanbaru, Riau"
lontong bengkalis,Lontong dengan kuah kari pedas dan lauk pauk.,"Lontong, daging, rempah",makanan ,"asin, gurih",220,6,8,30,2,6,250,5,50,"Bengkalis, Riau"
ikan tamban salai,Ikan tamban yang diasapi dengan rempah-rempah khas.,"Ikan tamban, rempah",makanan ,"asin, gurih",180,1,8,10,1,22,350,15,200,"Tanjungpinang, Kepulauan Riau"
mie tarempa,Mie dengan kuah kaldu dan isian daging serta sayuran segar.,"Mie, daging, sayuran",makanan ,"asin, gurih",330,5,15,40,3,10,450,8,60,"Tarempa, Kepulauan Riau"
lempah kuning,"Sup ikan dengan kuah kuning pedas, kaya akan rempah.","Ikan, rempah, kunyit",makanan ,"asin, gurih",250,6,12,28,3,15,400,5,70,"Pangkal Pinang, Bangka Belitung"
sup gangan,Sup ikan dengan kuah gurih yang kaya akan rempah.,"Ikan, rempah",makanan ,"asin, gurih",150,4,5,15,2,7,250,10,60,"Pangkal Pinang, Bangka Belitung"
mie koba,"Mie dengan kuah kental pedas, disajikan dengan daging dan sayuran.","Mie, daging, sayuran",makanan ,"asin, gurih",320,6,14,42,3,8,500,10,80,"Pangkal Pinang, Bangka Belitung"
pendap,"Makanan khas Bengkulu berbahan ikan dan rempah, dimasak dengan daun pisang.","Ikan, rempah, daun pisang",makanan ,"asin, gurih",270,7,12,32,3,14,400,8,60,"Bengkulu, Bengkulu"
bakat hiu,"Olahan daging ikan hiu dengan bumbu pedas, dimasak hingga empuk.","Daging ikan hiu, rempah",makanan ,"asin, gurih",200,2,7,20,1,25,350,15,150,"Bengkulu, Bengkulu"
seruit,"Ikan bakar khas Lampung, disajikan dengan sambal khas.","Ikan, sambal",makanan ,"asin, gurih",250,5,10,30,2,18,400,5,70,"Lampung, Lampung"
gulai taboh,"Gulai pedas dengan daging sapi, diolah dengan bumbu rempah khas Lampung.","Daging sapi, rempah",makanan ,"asin, gurih",230,6,10,28,3,14,350,8,80,"Lampung, Lampung"
pandap,Daging sapi yang dimasak dengan bumbu khas Lampung.,"Daging sapi, rempah",makanan ,"asin, gurih",250,6,11,30,3,12,400,10,60,"Lampung, Lampung"
gulai balak,"Gulai dengan bahan utama daging sapi dan santan, berempah khas.","Daging sapi, santan, rempah",makanan ,gurih,260,7,12,32,3,13,450,5,70,"Lampung, Lampung"
gabing,Gabing adalah ikan yang dipanggang dengan bumbu rempah dan sambal.,"Ikan, sambal",makanan ,"asin, gurih",180,4,5,20,2,15,350,8,60,"Lampung, Lampung"
daging masak hitam,Daging sapi yang dimasak dengan bumbu kecap hitam dan rempah.,"Daging sapi, kecap, rempah",makanan ,"asin, gurih",280,5,14,30,3,18,400,10,80,"Jambi, Jambi"
nasi gemuk,"Nasi dengan bumbu khas Jambi yang gurih, disajikan dengan lauk pauk.","Nasi, rempah, lauk",makanan ,"asin, gurih",350,6,16,50,3,10,550,5,60,"Jambi, Jambi"
tempoyak,Fermentasi durian yang biasanya dimakan bersama ikan atau sambal.,"Durian, ikan, sambal",makanan ,"asin, gurih",150,3,6,18,3,3,200,15,90,"Jambi, Jambi"
sate bandeng,Sate yang terbuat dari ikan bandeng dengan bumbu kacang.,"Ikan bandeng, bumbu kacang",makanan ,"asin, gurih",270,4,14,32,2,20,450,10,60,"Serang, Banten"
rabeg,"Olahan daging kambing dengan bumbu pedas, khas Banten.","Daging kambing, rempah",makanan ,"asin, gurih",220,3,12,30,2,16,400,10,70,"Serang, Banten"
angeun lada,"Masakan pedas yang terbuat dari ikan dengan cabai, disajikan dengan nasi.","Ikan, cabai",makanan ,pedas,150,2,6,15,2,6,200,15,80,"Pandeglang, Banten"
gerem asem,Sup daging sapi dengan kuah asam pedas khas Banten.,"Daging sapi, asam, rempah",makanan ,"asin, gurih",170,3,7,20,2,7,250,10,70,"Serang, Banten"
tutug oncom,"Nasi yang dicampur dengan oncom dan bumbu rempah, disajikan dengan lauk.","Nasi, oncom, rempah",makanan ,"asin, gurih",250,6,10,30,3,8,300,5,60,"Bandung, Jawa Barat"
sate maranggi,Sate khas Purwakarta yang terbuat dari daging sapi atau ayam dengan bumbu kacang.,"Daging sapi/ayam, bumbu kacang",makanan ,"asin, gurih",260,3,14,28,2,18,450,8,70,"Purwakarta, Jawa Barat"
nasi timbel,Nasi yang dibungkus daun pisang dan disajikan dengan berbagai lauk pauk.,"Nasi, lauk pauk, rempah",makanan ,"asin, gurih",350,7,16,45,3,12,500,8,60,"Garut, Jawa Barat"
nasi tiwul,"Nasi yang terbuat dari singkong atau jagung, dimasak dengan bumbu khas.","Singkong/jagung, bumbu",makanan ,"asin, gurih",290,6,12,40,3,8,350,10,60,"Kudus, Jawa Tengah"
soto kudus,"Sup dengan kaldu ayam dan kuah bening yang segar, biasanya disajikan dengan ketupat.","Ayam, ketupat, rempah",makanan ,"asin, gurih",200,3,9,20,2,10,300,10,60,"Kudus, Jawa Tengah"
nasi grombyang,Nasi dengan kuah kari kental yang berisi daging ayam atau sapi.,"Nasi, daging, kari",makanan ,"asin, gurih",320,5,15,40,3,9,400,8,70,"Demak, Jawa Tengah"
nasi gandul,"Nasi dengan kuah berwarna kecoklatan, biasanya berisi daging sapi atau ayam.","Nasi, daging sapi/ayam",makanan ,"asin, gurih",350,6,17,50,3,12,500,8,60,"Pati, Jawa Tengah"
mi ongklok,"Mie kuah dengan rasa gurih pedas, sering disajikan dengan sayuran dan daging.","Mie, daging, sayuran",makanan ,"asin, gurih",300,6,12,40,3,10,450,10,70,"Pati, Jawa Tengah"
rawon,"Sup daging sapi dengan kuah hitam khas yang terbuat dari kluwek, disajikan dengan nasi.","Daging sapi, kluwek",makanan ,"asin, gurih",280,4,15,30,2.5,14,400,10,60,"Surabaya, Jawa Timur"
pecel tumpang,Pecel dengan sambal tumpang yang terbuat dari tempe fermentasi.,"Sayuran, tempe, sambal",makanan ,"asin, gurih",200,3,8,25,3,7,250,12,80,"Malang, Jawa Timur"
rujak soto banyuwangi,"Rujak yang disajikan dengan kuah soto, campuran sayuran dan daging ayam.","Sayuran, ayam, sambal",makanan ,"asin, gurih",250,5,10,30,2,7,300,8,60,"Banyuwangi, Jawa Timur"
soto lamongan,"Sup ayam dengan kuah bening, dilengkapi dengan koya dan sambal.","Ayam, sambal, koya",makanan ,"asin, gurih",220,3,10,25,2,10,300,8,70,"Lamongan, Jawa Timur"
gudeg,Makanan dengan bahan utama nangka muda yang dimasak dengan santan dan rempah.,"Nangka muda, santan, rempah",makanan ,gurih,350,7,15,50,3,10,500,10,80,"Yogyakarta, Yogyakarta"
tiwul,"Makanan yang terbuat dari singkong kering, biasanya dimakan dengan lauk pauk.","Singkong, lauk pauk",makanan ,"asin, gurih",270,6,12,35,3,7,350,8,60,"Yogyakarta, Yogyakarta"
gatot,Makanan khas Yogyakarta terbuat dari singkong yang difermentasi.,"Singkong, sambal",makanan ,"asin, gurih",200,5,9,22,3,7,250,10,60,"Yogyakarta, Yogyakarta"
mangut lele,Ikan lele dimasak dengan kuah santan dan bumbu pedas khas Yogyakarta.,"Ikan lele, santan, rempah",makanan ,gurih,250,6,14,30,3,20,400,8,70,"Yogyakarta, Yogyakarta"
bakmi jawa,"Mie dengan kuah gurih dan topping ayam, sayuran, serta bumbu khas Jawa.","Mie, ayam, sayuran",makanan ,"asin, gurih",320,4,15,42,3,9,450,10,60,"Yogyakarta, Yogyakarta"
soto betawi,"Sup daging dengan kuah santan kental, dilengkapi dengan tomat dan emping.","Daging sapi, santan, tomat",makanan ,gurih,300,5,12,35,2,10,400,8,70,"Jakarta, DKI Jakarta"
nasi uduk,"Nasi yang dimasak dengan santan, disajikan dengan lauk seperti ayam goreng dan sambal.","Nasi, santan, ayam",makanan ,gurih,350,6,15,50,3,8,500,10,60,"Jakarta, DKI Jakarta"
semur jengkol,"Daging jengkol dimasak dengan bumbu kecap, rempah, dan sedikit pedas.","Jengkol, kecap, rempah",makanan ,"asin, gurih",280,4,14,30,2,12,350,8,60,"Jakarta, DKI Jakarta"
lontong sayur,Lontong dengan kuah sayur bening dan sambal kacang.,"Lontong, sayur, sambal",makanan ,"asin, gurih",220,5,8,30,3,7,250,10,70,"Jakarta, DKI Jakarta"
ayam betutu,"Ayam yang dimasak dengan bumbu rempah khas Bali dan dibungkus daun pisang, dimasak perlahan.","Ayam, rempah, daun pisang",makanan ,"asin, gurih",300,4,18,25,2,22,450,10,80,"Denpasar, Bali"
nasi jinggo,"Nasi kecil dengan lauk pauk yang terdiri dari ayam, sambal, dan telur.","Nasi, ayam, sambal",makanan ,"asin, gurih",350,6,16,50,3,10,550,8,60,"Denpasar, Bali"
sate lilit,"Sate ikan atau daging yang dibalutkan pada batang serai, dibakar dengan bumbu khas Bali.","Ikan/daging, serai, bumbu",makanan ,"asin, gurih",250,5,13,30,2,20,400,8,70,"Denpasar, Bali"
nasi tepeng,Nasi yang dimasak dengan bumbu rempah dan disajikan dengan lauk pauk khas Bali.,"Nasi, rempah, lauk",makanan ,"asin, gurih",290,6,12,40,3,9,350,10,60,"Singaraja, Bali"
ayam taliwang,"Ayam yang dipanggang dengan bumbu khas Taliwang, pedas dan gurih.","Ayam, rempah, cabai",makanan ,pedas,350,5,18,35,3,25,450,10,80,"Mataram, Nusa Tenggara Barat"
sate bulayak,"Sate daging dengan bumbu kacang dan sedikit pedas, khas NTB.","Daging, bumbu kacang",makanan ,"asin, gurih",270,5,13,30,2,20,400,8,70,"Mataram, Nusa Tenggara Barat"
sayur ares,Sup dari batang pisang dengan bumbu khas NTB.,"Batang pisang, rempah",makanan ,"asin, gurih",80,4,4,10,2,2,200,15,100,"Mataram, Nusa Tenggara Barat"
nasi balap puyung,"Nasi dengan lauk ikan, sambal, dan sayur khas Puyung.","Nasi, ikan, sambal",makanan ,"asin, gurih",320,6,14,42,3,7,400,8,60,"Mataram, Nusa Tenggara Barat"
plecing kangkung,Sayur kangkung yang direbus dan disajikan dengan sambal terasi pedas.,"Kangkung, sambal terasi",makanan ,"asin, gurih",180,3,8,20,2,6,250,25,200,"Mataram, Nusa Tenggara Barat"
kolo,"Nasi jagung khas NTT, sering disajikan dengan lauk daging.","Jagung, daging",makanan ,"asin, gurih",230,4,10,30,3,6,350,5,80,"Kupang, Nusa Tenggara Timur"
catemak jagung,Makanan berbahan jagung yang dimasak dengan santan dan rempah.,"Jagung, santan, rempah",makanan ,gurih,200,5,8,25,4,6,300,10,70,"Kupang, Nusa Tenggara Timur"
jagung bose,Makanan khas NTT yang terbuat dari jagung yang dimasak dengan daging sapi.,"Jagung, daging sapi",makanan ,"asin, gurih",210,6,6,35,4,5,250,15,90,"Kupang, Nusa Tenggara Timur"
sei daging sapi,"Daging sapi asap khas NTT, biasanya dimakan dengan nasi atau jagung bose.","Daging sapi, jagung",makanan ,"asin, gurih",250,2,12,30,2,20,400,5,60,"Kupang, Nusa Tenggara Timur"
bubur pedas,"Bubur khas Pontianak dengan bumbu pedas dan berbagai lauk, seperti ikan.","Beras, ikan, rempah",makanan ,"asin, gurih",180,4,7,22,2,6,200,10,50,"Pontianak, Kalimantan Barat"
bubur ikan,"Bubur dengan kuah ikan pedas, sering disajikan dengan sambal.","Ikan, beras, sambal",makanan ,"asin, gurih",220,5,8,25,3,12,300,15,80,"Pontianak, Kalimantan Barat"
juhu ubut rota,Makanan khas Kalimantan Tengah berupa sup yang terbuat dari ubi dan bahan lainnya.,"Ubi, rempah",makanan ,"asin, gurih",200,4,7,28,2,8,250,10,70,"Palangkaraya, Kalimantan Tengah"
karuang,Makanan terbuat dari daging yang diproses dan dibumbui rempah khas Kalimantan.,"Daging, rempah",makanan ,"asin, gurih",240,6,10,30,3,12,350,8,60,"Palangkaraya, Kalimantan Tengah"
wadi,Makanan khas Kalimantan Tengah yang terbuat dari ikan atau daging yang difermentasi.,"Ikan/daging, rempah",makanan ,"asin, gurih",210,5,8,27,2,9,300,5,60,"Palangkaraya, Kalimantan Tengah"
ketupat kandangan,Ketupat yang disajikan dengan lauk-pauk khas Kalimantan Selatan.,"Ketupat, daging, sambal",makanan ,"asin, gurih",300,6,12,40,3,6,350,5,50,"Banjarmasin, Kalimantan Selatan"
gangan humbut,Gulai ikan khas Kalimantan Selatan yang pedas dan kental.,"Ikan, santan, rempah",makanan ,gurih,250,7,10,30,3,15,400,10,70,"Banjarmasin, Kalimantan Selatan"
lontong orari,"Lontong dengan kuah yang berbumbu asam dan pedas, dilengkapi dengan lauk.","Lontong, lauk, sambal",makanan ,"asin, gurih",270,6,12,35,3,8,400,8,60,"Banjarmasin, Kalimantan Selatan"
iwak pakasam,Ikan yang difermentasi dan dimasak dengan bumbu pedas khas Kalimantan Selatan.,"Ikan, rempah",makanan ,"asin, gurih",280,5,14,30,2,20,450,15,150,"Banjarmasin, Kalimantan Selatan"
nasi bekepor,"Nasi yang dimasak dengan bumbu pedas dan gurih, sering disajikan dengan lauk pauk.","Nasi, lauk, rempah",makanan ,"asin, gurih",320,6,15,40,3,7,400,8,60,"Samarinda, Kalimantan Timur"
nasi kuning,"Nasi yang dimasak dengan kunyit, disajikan dengan lauk pauk seperti ayam dan telur.","Nasi, kunyit, ayam",makanan ,"asin, gurih",350,7,16,45,3,8,500,10,80,"Samarinda, Kalimantan Timur"
gence ruan,Makanan yang terbuat dari nasi yang dimasak dengan bumbu pedas dan disajikan dengan lauk pauk.,"Nasi, bumbu, lauk",makanan ,"asin, gurih",270,5,12,35,3,9,400,8,60,"Samarinda, Kalimantan Timur"
sate payau,"Sate yang terbuat dari daging rusa, dipanggang dengan bumbu khas Kalimantan Timur.","Daging rusa, bumbu",makanan ,"asin, gurih",260,4,13,30,2,20,400,10,70,"Samarinda, Kalimantan Timur"
sate temburung,"Sate dengan daging burung, dipanggang dengan bumbu pedas.","Daging burung, bumbu",makanan ,"asin, gurih",270,5,14,32,3,19,450,8,60,"Tanjung Selor, Kalimantan Utara"
pepes ikan patin kucai,Ikan patin yang dibungkus daun pisang dan dipanggang dengan bumbu kucai.,"Ikan patin, daun pisang",makanan ,"asin, gurih",250,5,11,30,3,18,400,15,70,"Tanjung Selor, Kalimantan Utara"
jepa,"Makanan khas Sulawesi Barat yang terbuat dari ikan dan rempah, dimasak dengan kuah pedas.","Ikan, rempah",makanan ,"asin, gurih",220,5,8,28,3,7,300,10,80,"Mamuju, Sulawesi Barat"
golla kambu,Nasi yang disajikan dengan lauk sambal dan ikan.,"Nasi, ikan, sambal",makanan ,"asin, gurih",250,6,9,30,3,10,350,8,70,"Mamuju, Sulawesi Barat"
tinutuan,"Bubur khas Manado dengan bahan utama jagung, sayuran, dan bumbu pedas.","Jagung, sayuran, bumbu",makanan ,"asin, gurih",180,4,7,20,2,6,250,15,90,"Manado, Sulawesi Utara"
nasi jaha,"Nasi yang dimasak dengan bumbu khas Manado, biasanya dimakan dengan ayam atau ikan.","Nasi, ayam, bumbu",makanan ,"asin, gurih",320,6,15,40,3,7,400,8,60,"Manado, Sulawesi Utara"
kawok,Masakan berbahan dasar ayam atau daging sapi dengan bumbu pedas khas Manado.,"Ayam/daging, bumbu",makanan ,"asin, gurih",230,5,10,28,3,8,300,8,70,"Manado, Sulawesi Utara"
paniki,Olahan daging kelelawar yang dimasak dengan bumbu pedas.,"Daging kelelawar, rempah",makanan ,"asin, gurih",270,5,13,32,3,18,450,10,60,"Manado, Sulawesi Utara"
saut,Sup pedas khas Manado yang terbuat dari bahan dasar ikan dan sayuran.,"Ikan, sayuran, rempah",makanan ,"asin, gurih",230,4,9,28,3,10,350,8,70,"Manado, Sulawesi Utara"
ayam bambu,"Ayam yang dimasak dengan bumbu khas Sulawesi Tengah, dimasak dalam bambu.","Ayam, rempah",makanan ,"asin, gurih",250,6,10,30,3,25,400,10,80,"Palu, Sulawesi Tengah"
kaledo,"Sup kaki sapi dengan kuah bening yang khas, disajikan dengan sambal.","Kaki sapi, sambal",makanan ,"asin, gurih",200,4,8,20,2,10,300,10,70,"Palu, Sulawesi Tengah"
duo sale,Olahan ikan atau daging sapi dengan bumbu pedas dan asam.,"Ikan/daging, rempah",makanan ,"asin, gurih",220,5,10,30,3,12,350,8,60,"Palu, Sulawesi Tengah"
kasuami,Nasi yang terbuat dari singkong yang dimasak dengan cara khusus.,"Singkong, rempah",makanan ,"asin, gurih",280,6,12,35,3,8,400,8,70,"Kendari, Sulawesi Tenggara"
ikan dole,Ikan yang dimasak dengan bumbu pedas khas Sulawesi Tenggara.,"Ikan, cabai",makanan ,pedas,240,5,11,28,3,20,350,15,80,"Kendari, Sulawesi Tenggara"
sinonggi,Sup yang terbuat dari tepung kanji dengan tambahan ikan dan sambal pedas.,"Tepung kanji, ikan, sambal",makanan ,"asin, gurih",200,4,8,25,3,5,250,10,60,"Kendari, Sulawesi Tenggara"
lapa-lapa,Bubur jagung yang disajikan dengan lauk-pauk dan sambal.,"Jagung, lauk, sambal",makanan ,"asin, gurih",230,5,10,28,3,7,300,8,70,"Kendari, Sulawesi Tenggara"
kabuto,Sayuran khas Sulawesi Tenggara yang dimasak dengan rempah dan ikan.,"Sayuran, ikan, rempah",makanan ,"asin, gurih",250,6,12,30,3,8,350,8,60,"Kendari, Sulawesi Tenggara"
sop konro,Sup iga sapi yang dimasak dengan bumbu khas Sulawesi Selatan.,"Iga sapi, rempah",makanan ,"asin, gurih",280,5,14,32,2,20,450,10,70,"Makassar, Sulawesi Selatan"
coto makassar,Sup daging sapi dengan kuah kacang dan bumbu rempah yang kuat.,"Daging sapi, kacang, rempah",makanan ,"asin, gurih",250,4,12,30,2,15,400,8,60,"Makassar, Sulawesi Selatan"
nasi palekko,"Nasi yang disajikan dengan lauk-pauk, seperti ikan dan sambal.","Nasi, ikan, sambal",makanan ,"asin, gurih",320,6,15,40,3,7,400,8,60,"Makassar, Sulawesi Selatan"
binte biluhuta,"Sup jagung dengan bahan ikan dan sayuran, dimasak dengan bumbu khas.","Jagung, ikan, sayuran",makanan ,"asin, gurih",200,3,7,25,2,10,250,10,70,"Gorontalo, Gorontalo"
sate tuna,Sate ikan tuna yang dibumbui dengan rempah khas Gorontalo.,"Ikan tuna, rempah",makanan ,"asin, gurih",280,4,14,30,2,20,400,8,60,"Gorontalo, Gorontalo"
ayam iloni,Ayam yang dimasak dengan bumbu pedas dan rempah khas Gorontalo.,"Ayam, rempah",makanan ,"asin, gurih",250,5,10,28,3,25,400,10,80,"Gorontalo, Gorontalo"
ilabulo,Olahan beras yang dimasak dengan daun pisang dan disajikan dengan ikan.,"Beras, ikan, daun pisang",makanan ,"asin, gurih",220,4,9,28,3,15,350,10,70,"Gorontalo, Gorontalo"
ikan gohu,"Ikan bakar yang dibumbui dengan rempah khas Maluku, dimasak dengan cara dibakar.","Ikan, rempah",makanan ,"asin, gurih",180,3,6,22,2,25,300,15,150,"Ambon, Maluku"
nasi lapola,Nasi yang disajikan dengan ikan bakar dan sambal pedas khas Maluku.,"Nasi, ikan, sambal",makanan ,"asin, gurih",270,5,10,32,3,8,350,8,70,"Ambon, Maluku"
kasbi komplet,Makanan berbahan dasar kasbi yang dimasak dengan lauk ikan atau daging.,"Kasbi, ikan/daging",makanan ,"asin, gurih",280,6,12,35,3,8,400,10,60,"Ambon, Maluku"
kohu-kohu,Sayuran yang dimasak dengan kelapa parut dan bumbu pedas.,"Sayuran, kelapa, sambal",makanan ,gurih,230,4,7,25,2,6,250,15,90,"Ambon, Maluku"
papeda,Bubur sagu khas Maluku yang disajikan dengan ikan kuah kuning.,"Sagu, ikan, kuah kuning",makanan ,"asin, gurih",150,2,1,35,2,4,200,5,80,"Ambon, Maluku"
gatang kenari,Masakan khas Maluku Utara yang terbuat dari kenari dan ikan.,"Kenari, ikan",makanan ,"asin, gurih",220,4,8,28,3,6,250,8,70,"Ternate, Maluku Utara"
ikan kuah kuning,"Ikan yang dimasak dengan kuah kuning pedas, khas Papua Barat Daya.","Ikan, kunyit, rempah",makanan ,"asin, gurih",240,5,10,30,3,20,350,15,80,"Sorong, Papua Barat"
keladi tumbuk,Makanan khas Papua yang terbuat dari keladi yang dihaluskan dan dicampur dengan bahan lainnya.,"Keladi, rempah",makanan ,"asin, gurih",200,4,6,25,3,5,250,10,70,"Jayapura, Papua"
norohombi,Sup berbahan dasar sagu dan sayuran khas Papua.,"Sagu, sayuran",makanan ,"asin, gurih",230,5,8,28,3,6,300,8,70,"Jayapura, Papua"
ikan bungkus,Ikan yang dibungkus daun dan dimasak dengan rempah khas Papua Pegunungan.,"Ikan, rempah, daun pisang",makanan ,"asin, gurih",220,4,8,30,3,15,350,10,70,"Wamena, Papua"
sagu sep,Makanan khas Papua Selatan yang terbuat dari sagu dan disajikan dengan lauk pauk.,"Sagu, lauk pauk",makanan ,"asin, gurih",180,3,6,25,2,4,250,10,80,"Merauke, Papua"
udang selingkuh,Udang yang dimasak dengan bumbu pedas dan rempah khas Papua Barat.,"Udang, rempah",makanan ,"asin, gurih",200,3,6,28,3,18,300,10,70,"Sorong, Papua Barat"
dada tuna,Daging tuna yang dimasak dengan bumbu pedas dan disajikan dengan nasi.,"Tuna, rempah",makanan ,"asin, gurih",250,5,10,30,3,25,350,10,80,"Sorong, Papua Barat"
wedang ronde,minuman jahe dengan ronde (bola tepung ketan isi kacang),"jahe, kacang tanah, ronde",minuman,pedas,150,18,0,35,1,0,40,10,50,"Jawa Tengah, Jawa Tengah"
es dawet ayu,minuman dingin dengan jeli hijau yang terbuat dari tepung beras dan santan,"santan, gula aren",minuman,"manis, gurih",120,25,0,28,0,1,30,20,40,"Banjarnegara, Jawa Tengah"
wedang uwuh,minuman hangat yang terbuat dari rempah-rampah,"jahe, kayu secang, daung cengkih, gula batu",minuman,"manis, pedas",90,12,1,20,1,0,40,10,50,"Bantul, Yogyakarta"
bajigur,minuman hangat khas masyarakat sunda berbahan dasar santan dan gula merah,"santan, gula merah, jahe",minuman,"manis, pedas, gurih",140,22,3,30,2,1,50,10,80,"Jawa Barat, Jawa Barat"
es selendang mayang,minuman tradisional betawi yang berbentuk puding dan bewarna mencolok,"tepung beras, santan, gula merah",minuman,"manis, gurih",120,20,0,30,1,1,40,15,40,"Jakarta, DKI Jakarta"
es teler,minuman segar yang terdiri dari potongan buah-buahan dan bahan lainnya dilengkapi dengan sirup dan susu kental manis,"buah-buahan, sirup, kental manis, es serut",minuman,manis,180,35,2,40,3,2,50,25,50,"Solo, Jawa Tengah"
es oyen,"es campur khas Bandung yang manis, segar, dan menyegarkan","kelapa muda, alpukat, pacar cina, susu kental manis, sirup",minuman,"manis, gurih",200,30,1,40,3,2,50,25,50,"Bandung, Jawa Barat"
es kacang merah,es manis dengan kacang merah rebus,"kacang merah, santan, gula pasir",minuman,"manis, gurih",160,28,2,35,3,2,60,20,60,"Palembang, Sumatera Selatan"
es tambring,es kelapa muda bercampur dengan sirup asam jawa yang segar,"kelapa muda, gula merah",minuman,"manis, gurih",130,26,1,28,2,1,50,10,40,"Bali, Bali"
sarabba,minuman jahe hangat bercampur santan dan kuning telur,"jahe, santan, gula merah, kuning telur",minuman,"manis, pedas, gurih",120,22,2,30,2,1,50,10,60,"Makassar, Sulawesi Selatan"
es laksamana mengamuk,minuman yang terbuat dari buah kuweni yang dipadu dengan legitnya santan dan gula merah,"buah kueni, santan, biji selasih, gula putuh, daun pandan",minuman,"manis, gurih",150,28,1,32,3,1,50,15,50,"Riau, Riau"
es pleret,"bola-bola kecil kenyal terbuat dari tepung beras, santan, dan disajikan dengan sirup gula merah dan es batu","tepung beras, santan, gula merah",minuman,"manis, gurih",130,24,1,28,3,1,60,10,50,"Blitar, Jawa Timur"
bandrek,minuman hangat khas masyarakat Sunda yang terbuat dari jahe dan rempah-rempah khas,"jahe, kayu manis, serai, cengkeh, daun pandan",minuman,pedas,140,18,3,30,2,1,50,10,60,"Jawa Barat, Jawa Barat"
teh talua,"minuman tradisional campuran teh, gula, telur dan perasan jeruk nipis","teh, gula, telur, perasan jeruk nipis",minuman,manis,50,10,0,12,1,1,20,20,20,"Sumatera Barat, Sumatera Barat"
tuak,minuman beralkohol khas masyarakat Batak yang sering digunakan dalam upacara adat,"sadapan pohon aren, kelapa, siwalan atau lontar",minuman,pahit,200,30,0,50,1,1,40,10,80,"Sumatera Utara, Sumatera Utara"
bir pletok,"minuman penghangat khas masyarakat Betawi. Bahan baku minuman ini utamanya adalah jahe dan secang, serta berbagai macam rempah-rempah lainnya.","cengkeh, daun pandan, jahe, kapulaga, kayu manis, garam, gula",minuman,"asin, manis, pedas",180,25,0,40,2,1,60,10,80,"Jakarta, DKI Jakarta"
es air mata pengantin,"minuman khas yang berasal dari Kota Riau, minuman ini merupakan minuman yang berbahan dasar agar-agar serut, dan di bubuhi dengan biji selasih dan disajikan dengan pewarna makanan","agar-agar, pewarna makanan, air, gula pasir",minuman,manis,180,30,0,40,2,2,50,15,60,"Riau, Riau"
lahang,minuman isotonik khas Indonesia yang terbuat dari getah tumbuhan,getah arenga pinnata,minuman,manis,200,6,6,30,3,4,250,10,80,"Jawa Barat, Jawa Barat"
kopi gayo ,kopi arabika dengan aroma yang kaya dan rasa yang seimbang,biji kopi gayo,minuman,pahit,2,0,0,0,0,0,5,0,0,"Gayo, Aceh"
kopi sidikalang,kopi dengan cita rasa yang khas dan mempunyai tekstur yang paling halus diantara kopi lainnya,biji kopi sidikalang,minuman,pahit,5,0,0,1,0,0,2,0,0,"Sidikalang, Sumatera Utara"
kopi toraja,karakter kopi yang cukup berat dengan body tebal dan tingkat keasaman rendag,biji kopi toraja,minuman,pahit,5,0,0,1,0,0,2,0,0,"Sulawesi Selatan, Sulawesi Selatan"
sekoteng,sekoteng memiliki cita rasa hangat dan dinikmati saat cuaca dingin. Sekoteng memiliki manfaat dapat menurunkan kadar kolesterol dan mengurangi rasa mual.,"jahe, gula merah, gula pasir, kacang hijau, pacar cina, potongan roti",minuman,"manis, pedas",120,25,2,28,1,1,40,10,40,"Jawa Tengah, Jawa Tengah"
teh gaharu,minuman hangat dari daun gaharu yang dikeringkan selama 3-5 hari kemudian direbus,pucuk daun gaharu,minuman,"pahit, manis",30,0,0,7,0,1,2,10,10,"Kalimantan Selatan, Kalimantan Selatan"
bir kotjok,"minuman tradisional khas Bogor, bir ini tidak mengandung alkohol tetapi kaya rempah","jahe merah, kayu manis, cengkeh, gula merah, dan gula aren.",minuman,"manis, pedas",120,30,0,30,1,1,50,10,60,"Bogor, Jawa Barat"
stmj,"campuran susu sapi murni, telur bebek atau telur ayam kampung, madu, dan jahe, biasanya juga ditambahkan kayu manis atau ginseng.","susu sapi murni, telur bebek atau telur ayam kampung, madu, dan jahe",minuman,"manis, pedas",150,10,7,15,1,6,50,10,70,"Malang, Jawa Timur"
es nona,"minuman tradisional khas pontianak bewarna merah muda dengan banyak komponen seperti kacang merah, tapai singkong, dll","kacang merah, potongan pepaya yang telah diawetkan dengan kapur, tapai singkong, pacar cina, dan potongan roti tawar.",minuman,manis,130,25,2,30,2,1,40,10,50,"Pontianak, Kalimantan Barat"
kawa daun,"minuman khas yang terbuat dari daun kopi kering, kemudian ditambahkan kayu manis, dan gula. Sekilas, minuman ini mirip teh, namun aroma dan rasa kopi cukup terasa.","daun kopi kering, kayu manis, gula",minuman,"manis, pahit",60,2,0,15,2,0,10,0,10,"Minangkabau, Sumatera Barat"
es jagung,"sesuai namanya, minuman ini berbahan dasar jagung dan menjadi minuman kesukaan masyarakat Palembang","jagung rebus, agar-agar atau nata de coco, santan dan es batu yang sudah di serut.",minuman,gurih,180,35,2,40,3,2,50,25,50,"Palembang, Sumatera Selatan"
godekh sagu,"sejenis minuman khas Kota Subulussalam, Kabupaten Aceh Selatan, Provinsi DI Aceh. Sekilas minuman ini mirip dengan biji salak asal Betawi atau candil asal Jawa Tengah. Yang menjadi pembedanya, minuman ini ditambahkan dengan rempah-rempah khas Aceh.","sagu, campuran santan dan gula merah",minuman,"manis, gurih",220,5,10,30,3,8,350,8,60,"Aceh, Aceh"
toge panyabungan,minuman manis yang biasanya ada pada saat bulan Ramadan. Minuman ini sering menjadi menu favorit untuk berbuka puasa masyarakat Mandailing.,"santan, gula merah, cendol, ketan, pulut hitam, pulut tape, candil, dan lupis.",minuman,"manis, gurih",150,4,3,20,2,6,200,5,50,"Medan, Sumatera Utara"
es lancang kuning,"minuman khas Riau yang terbuat dari bahan utama Mangga. Nama ""Lancang Kuning"" ini diambil dari logo Provinsi Riau berupa gambar perahu yang memiliki lancang berwarna kuning","mangga, nata de coco, es batu",minuman,manis,100,20,1,25,2,1,30,10,40,"Riau, Riau"
kopi luwak durian,"minuman khas Lampung yang terbilang unik, karena secangkir kopi luwak yang ini akan dicampur dengan buah durian yang sudah dibuang bijinya.","kopi luwak, buah duren, gula pasir",minuman,"manis, pahit",5,0,0,1,0,0,2,0,0,"Lampung, Lampung"
teh secang,"minuman khas Palembang yang dibuat dari serutan kayu secang. Bagi yang menyukai minuman manis, tentu bisa ditambahkan gula. Namun, ada opsi minuman ini bisa diminum tanpa gula seperti teh campa.","Serutan kayu secang, Cabai Jawa, kayu Manis, Cengkeh, Gula Batu",minuman,"manis, pedas",30,0,0,7,0,1,2,10,10,"Palembang, Sumatera Selatan"
ie seureubet,minuman hangat dari aneka rempah-rempah khas Aceh,"jahe, gula merah, gula pasir, cengkeh, kayu manis, daun pandan, lada",minuman,"manis, pedas",250,20,12,30,3,10,400,10,70,"Aceh, Aceh"
mutioro jagung manis,minuman yang menyegarkan berbahan dasar jagung dilengkapi dengan sagu mutiara,"pacar cina, jagung manis, kelapa muda, gula pasir, garam, daun pandan",minuman,"asin, manis, gurih",220,30,8,35,4,6,250,15,50,"Surakarta, Jawa Tengah"
angsle,"Angsle atau wedang angsle adalah minuman khas Jawa Timur yang menyerupai kolak. Penjual angsle tradisional dulu berkeliling kampung hanya pada malam hari, karena angsle yang hangat pas disajikan saat malam hari atau saat hujan.","pacar cina, kacang hijau, tape singkong, roti tawar, ketan putih, kacang tanah",minuman,"manis, gurih",200,20,10,30,3,5,300,10,60,"Jawa Timur, Jawa Timur"
es setup kolang kaling,"Es Setup Kolang kaling merupakan pilihan menu berbuka puasa yang memiliki cita rasa. Minuman ini berbahan dasar kolang kaling, buah yang berasal dari pohon aren. ","gula merah, cengkeh, kolang kaling, kayu manis, pisang kepok, daun pandan",minuman,manis,160,30,0,40,2,1,50,15,50,"Jakarta, DKI Jakarta"
sebuk kawo,minuman berbahan dasar kawo yakni tunas muda pohon kopi yang malah jadi gulma. Cara penyajian kawo sangat unik yakni menggunakan batok kelapa,"serbuk kawo, gula",minuman,manis,180,25,1,40,3,2,60,10,60,"Kerinci, Jambi"
teh tayu,"Masyarakat keturunan Tionghoa di Kecamatan Jebus Kabupaten Bangka Barat, memiliki tradisi minum teh yang diproduksi sendiri di wilayah tersebut, tepatnya di Dusun Tayu, Desa Ketap. Di daerah tersebut terdapat tanaman teh yang dibudidaya sebagai tanaman pagar oleh warga setempat. Walaupun umumnya tanaman teh tumbuh di dataran tinggi berhawa sejuk, namun ternyata di dataran rendah seperti di Dusun Tayu juga ada tanaman teh yang bisa tumbuh dengan baik.",teh tayu ,minuman,"pahit, manis",30,0,0,7,0,1,2,10,10,"Bangka Belitung, Bangka Belitung"
es sirup mak inang sayang,"Es Sirup Mak Inang Sayang, salahsatu minuman khas Riau yang terdiri dari buah-buahan. Biasanya menjadi menu berbuka puasa.","nanas, apel, selasih, agar-agar, sirup jeruk keprok",minuman,manis,150,30,2,35,2,1,50,15,50,"Riau, Riau"
kopi takar,"Kopi takar adalah kopi yang disajikan di dalam wadah tempurung atau batok kelapa yang dibentuk seperti cangkir dan tatakannya. Untuk menyeruput kopi ini, disediakan sebatang kayu manis yang digunakan seperti sedotan.","kopi mandailing, gula aren, kayu manis",minuman,"manis, pahit",5,0,0,1,0,0,2,0,0,"Sumatera Utara, Sumatera Utara"
es kelapa muda asam manis,"Minuman Es Kelapa Muda Asam Manis ini merupakan salah satu minuman khas Papua barat, minuman juga minuman yang kaya akan rasanya.","daging buah kelapa muda, biji selasih, air kelapa, jeruk nipis",minuman,gurih,120,20,2,30,2,1,50,25,50,"Papua Barat, Papua Barat"
es buah matoa,"Minuman ini memiliki nama yang unik, es buah ini terbuat dari campuran agar-agar hijau, kolang-kaling, cincau hitam, biji selasih, biji pala serta buah matoa. ","matoa, mangga manalagi, buah carica, madu, tape ketan, santan kental",minuman,"manis, gurih",130,28,1,32,3,2,40,25,50,"Papua, Papua"
minuman sarai,minuman hangat yang berbahan dasar batang serai,"sereh, jahe, gula batu",minuman,"manis, pedas",70,5,0,18,1,1,30,10,30,"Kalimantan Tengah, Kalimantan Tengah"
jenurai,"Minuman ini tidak hanya menyegarkan, tetapi juga memiliki cita rasa yang unik berkat kombinasi santan, gula, dan aroma pandan.","jenurai, santan, telur, gula pasir, daun pandan",minuman,"manis, gurih",150,25,2,30,3,1,40,10,50,"Kalimantan Barat, Kalimantan Barat"
es bilungka,Minuman ini terbuat dari timun suri yang dipotong-potong kecil yang di campur dengan kelapa dan ditambah dengan jelly membuat minuman ini nikmat juga segar.,"timun suri, kolang kaling, cincau hitam, kelapa muda, alpukat, sroberi, sirup coco pandan, kental manis",minuman,"manis, gurih",140,28,1,32,3,2,50,15,50,"Banjarmasin, Kalimantan Selatan"
es kelacin,"Es Kelacin atau Kelapa Cincau adalah salah satu minuman khas Sulawesi Barat merupakan minuman segar yang tidak jauh berbeda dengan resep minuman dari kelapa lainnya, hanya saja yang membedakan minuman ini yaitu adanya tambahan bahan yang digunakan yaitu cincau hitam.","kelapa muda, cincau hitam, gula merahm dan pandan, santan ",minuman,"manis, gurih",160,30,0,40,2,1,50,15,50,"Sulawesi Barat, Sulawesi Barat"
es brenebon,Brenebon dalam bahasa Gorontalo sebenarnya sebutan untuk kacang merah. Minuman ini biasa menjadi menu menyegarkan di bulan Ramadan.,"kacang merah, daun pandan, gula merah, kental manis rasa cokelat",minuman,manis,150,28,1,35,2,1,50,10,40,"Manado, Sulawesi Utara"
jus patikala,Minuman herbal asli Kolaka yang diolah dari buah patikala. Rasanya kecut tapi tidak pahit ataupun sepat. Minuman ini dipercaya dapat menurunkan kolesterol dan berat badan. Pengolahan jus ini pun tidak menggunakan campuran gula ataupun bahan lain kecuali air.,buah patikala,minuman,"manis, pahit",180,25,2,40,3,2,50,15,50,"Kolaka, Sulawesi Tenggara"
air guraka,minuman hangat berbahan dasar buah jahe merah khas Halmahera ,"jahe merah, buah kenari, daun pandan, gula aren",minuman,"manis, pedas",50,2,0,12,0,1,10,5,10,"Halmahera, Maluku Utara"
kopi dabe,Kopi Dabe adalah kopi khas masyarakat Tidore. Kata Dabe dalam bahasa Tidore berarti baku tambah atau menambahkan. Sesuai dengan namanya kopi ini bukan sekedar kopi karena ditambah dengan remah-rempah yang menambah nikmat kopi tersebut. ,"jahe, kayu manis, cengkeh, pala",minuman,pedas,5,0,0,1,0,0,2,0,0,"Maluku Utara, Maluku Utara"
es daluman,"Es Daluman adalah minuman khas Ubud, Bali, sejenis es cincau tetapi menggunakan bahan santan dari kelapa bakar. Dalam Bahasa Indonesia, daluman dikenal dengan nama cincau hijau","cincau hijau, kolang kaling, santan, gula aren",minuman,"manis, gurih",150,28,1,35,2,2,50,10,40,"Bali, Bali"
arak bali,minuman alkohol khas Bali yang dihasilkan dari proses fermentasi dan destilasi,"air nira kelapa, nira aren dan atau bahan baku lokal lainnya",minuman,pahit,250,10,0,30,0,0,200,0,0,"Bali, Bali"
sopi,"minuman alkohol tradisional yang populer di Maluku dan Nusa Tenggara Timur. Namanya sendiri berasal dari bahasa Belanda, zoopje, artinya alkohol cair. ",air nira kelapa,minuman,pahit,200,20,10,30,3,5,350,10,60,"Maluku, Nusa Tenggara Timur"
jus marungga,"Daun Marungga, lebih dikenal sebagai daun kelor memiliki banyak khasiatnya bagi kesehatan, karena mengandung vitamin dan mineral yang bisa menjadi obat yang efektif terhadap berbagai jenis penyakit.","daun marunnga, gula merah, susu",minuman,manis,160,30,0,40,3,1,50,15,50,"Nusa Tenggara Timur, Nusa Tenggara Timur"
mina sarua,minuman tradisional ini berupa racikan beberapa bahan dan rempah dengan khasiat yang sangat kaya,"Beras, Beras Ketan, Ragi, Kelapa, Jahe, Merica, Cabai Jawa atau Sabia dalam bahasa Mbojo, Kunyit, Gula merah",minuman,"manis, pedas, gurih",150,25,2,35,3,1,50,15,50,"Bima, Nusa Tenggara Barat"
es martebe,minuman ini berbahan dasar terong belanda yang memiliki rasa asam yang khas,"terong belanda, markisa, gula pasir, air",minuman,manis,180,28,1,35,3,1,50,10,60,"Medan, Sumatera Utara"
serbat kweni,Minuman segar dengan rasa kweni. Kweni adalah salah satu jenis mangga ada juga yang menyebutnya dengan mangga bacang.,"mangga kweni, gula pasir",minuman,manis,150,25,2,35,2,1,40,10,50,"Lampung, Lampung"
pokak saripu,"minuman herbal tradisional khas Madura, Jawa Timur yang terbuat dari rempah-rempah. Minuman ini cocok diminum saat musim hujan atau cuaca dingin untuk menghangatkan badan dan menjaga kesehatan","Gula merah, Merica bubuk, Pala bubuk, Kayu manis, Jahe, Serai.",minuman,"manis, pedas",200,30,0,40,3,2,50,10,60,"Madura, Jawa Timur"
es sekemu,Es Sekemu ini adalah minuman khas Banten yang bahan utamanya terdiri dari buah kelapa muda dan buah sawo yang pastinya sangat cocok untuk dinikmati saat siang hari. ,"kelapa muda, buah sawo, biji selasih, air kelapa",minuman,gurih,160,25,1,40,3,2,50,10,60,"Banten, Banten"
swansrai,"minuman beralkohol khas Papua memiliki rasa yang kuat, sedikit pahit, dan mengandung alkohol hingga 30%",cairan yang didapat dari mengiris mayang pohon kelapa,minuman,pahit,140,22,1,30,3,2,50,10,50,"Papua, Papua"
congyang,jamu kesehatan hasil fermentasi beras dan gula pasir ," beras putih, gula, spirit",minuman,manis,130,25,1,30,3,1,50,10,50,"Semarang, Jawa Tengah"
bir jawa,minumanan khas keraton yogyakarta yang terbuat dari rempah-rempah,"Jahe, Batang serai, Cengkih, Kayu manis, Masoi, Daun pandan, Gula, Air, Air jeruk nipis",minuman,"manis, pedas",150,28,0,35,2,1,60,15,60,"Yogyakarta, Yogyakarta"
cendol panas,minuman tradisional cendol yang disajikan dengan keadaan hangat,"cendol, gula aren, daun pandan, santen",minuman,manis,180,28,1,35,2,2,50,10,50,"Dataran Tinggi Sumatera Utara, Sumatera Utara"
es sekoteng medan,"Minuman dingin dan segar dengan cita rasa oriental yang terbuat dari air gula, rebusan jamur putih, dan rebusan jali-jali.","biji jali-jali, pacar cina, kolang kaling, manisan kundur, manisan kietna, jagung pipil, jeruk nipis, biji selasih, gula ",minuman,manis,120,25,1,30,2,1,50,10,60,"Medan, Sumatera Utara"
es lidah buaya,Minuman ini dibuat dari daun lidah buaya yang dicampur dengan air gula dan beberapa rempah-rempah seperti pandan dan daun jeruk purut.,"daun lidah buaya, gula merah, daun pandan, jeruk purut",minuman,manis,160,30,2,40,3,2,50,15,50,"Pontianak, Kalimantan Barat"
ce huan tiau,Minuman yang disebut juga es campur ala Pontianak. Minuman ini mirip cendol atau kolak karena menggunakan santan dan gula merah.,"ketan hitam, kacang merah, cincau, bongko, santan, gula merah cair dan dipadukan dengan sejenis cendol atau candil berbentuk panjang yang terbuat dari tepung.",minuman,"manis, gurih",200,28,2,40,3,3,50,10,60,"Pontianak, Kalimantan Barat"
wedang dayak,Minuman herbal berkhasiat khas dari Kalimantan. Menggunakan komoditi lokal yang Kalimantan banget. Di antaranya bawang dayak dan madu hutan.,rempah khas dan madu hutan,minuman,manis,180,25,1,35,2,1,50,10,60,"IKN, Kalimantan Utara"
kopi joss,kopi hitam khas yogyakarta yang disajikan dengan arang panas,"kopi, air, arang panas",minuman,pahit,5,0,0,1,0,0,2,0,0,"Yogyakarta, Yogyakarta"
es palu butung,"makanan khas Sulawesi Selatan yang terbuat dari pisang, bubur sumsum, dan saus santan. Es ini memiliki rasa manis dan lembut, serta tekstur yang lembut. Es palu butung sering disajikan sebagai takjil saat bulan puasa, namun juga bisa dinikmati di hari-hari biasa saat cuaca panas.","pisang rebus, bubur sumsum, saus santan, sirup cocopandan, kental manis",minuman,"manis, gurih",120,30,2,35,2,2,50,10,50,"Makassar, Sulawesi Selatan"
lahang bambu," Minuman yang disajikan dalam bambu yang dialiri air, sehingga memiliki rasa yang sedikit asam",getah pohon aren,minuman,"manis, pahit",210,6,10,35,3,6,250,10,70,"Kalimantan Selatan, Kalimantan Selatan"
sirup batumandi,"Sirup batumandi atau yang sering disebut sirbam merupakan sirup khas dari Kecamatan Batu Mandi, Kabupaten Balangan, Kalimantan Selatan. Sirbam diproduksi secara turun-temurun oleh masyarakat setempat.",gula,minuman,manis,160,25,1,40,3,1,50,10,60,"Kalimantan Selatan, Kalimantan Selatan"
baram,"minuman alkohol khas suku dayak sebagai simbol kebersamaan, penghormatan kepada leluhur, dan penyambutan tamu"," beras ketan yang difermentasi dengan ragi, nila, dan enau",minuman,pahit,250,20,10,35,3,6,350,10,70,"Kalimantan, Kalimantan"
es kuwut ,"sejenis minuman koktail dingin khas Bali yang terbuat dari air kelapa yang dicampur dengan serutan kelapa, serutan melon atau timun, biji selasih, perasan jeruk nipis, sirup melon, es batu ","serutan kelapa, serutan melon atau timun, biji selasih, perasan jeruk nipis, sirup melon, es batu dan terkadang ditambahkan susu, santan, atau nata de coco",minuman,"manis, gurih",80,12,1,15,0,0,10,20,50,"Bali, Bali"
cao menek,"minuman yang berasal dari suku Osing, terbuat dari sirup daun cincau dan kacang bawang goreng","Daun cincau, sirup, kacang bawang goreng",minuman,manis,200,15,5,35,2,5,300,10,60,"Banyuwangi, Jawa Timur"
kopi arabika kintamani,Jenis kopi di Indonesia yang satu ini memiliki karakteristik rasa yang unik dengan perpaduan rasa pahit dengan sedikit sentuhan citrus.,biji kopi arabika kintamani,minuman,pahit,5,0,0,1,0,0,2,0,0,"Kintamani, Bali"
kopi arabika flores bajawa,"Jenis kopi yang satu ini ditanam di ketinggian 1.000-1.550 meter di atas permukaan laut. Soal karakter rasa, kopi Flores Bajawa ini memiliki rasa kacang-kacangan dengan sedikit sentuhan karamel.",biji kopi arabika flores bajawa,minuman,pahit,5,0,0,1,0,0,2,0,0,"Flores, Nusa Tenggara Timur"
kopi robusta lampung,Kopi Robusta Lampung juga merupakan salah satu jenis kopi di Indonesia yang memiliki karakteristik yang kuat dan mudah dirawat.,biji kopi arabika lampung,minuman,pahit,5,0,0,1,0,0,2,0,0,"Lampung, Lampung"
kopi liberika riau,"Kopi Liberika Riau ini bisa dibilang menjadi salah satu kopi yang cukup langka yang diproduksi di Meranti, Riau. Kalau diperhatikan, kopi yang satu ini punya aroma seperti cokelat, tapi bisa memberikan sensasi rasa buah nangka",biji kopi liberika riau,minuman,pahit,5,0,0,1,0,0,2,0,0,"Riau, Riau"
