blood_group,username,name,sex,address,mail,Age,Body_Weight,Body_Height,Cal_Need
A-,alishathompson,Robert Kirby,Male,"USS Washington
FPO AE 04370",rhonda18@yahoo.com,37,71,170,2330
O+,otran,William Flores,Male,"745 Andrea River Suite 052
Coffeyfurt, ID 48839",jeffreyshepherd@gmail.com,34,54,164,2038
B+,jamesbarnes,Gregory Harris,Male,"64615 Watkins Islands Suite 641
Trevorbury, PW 05184",erinlam@gmail.com,22,62,161,2252
A+,eric67,Charles Higgins,Male,"85511 Arnold Stream Suite 890
Carrton, AR 85360",meganlopez@gmail.com,30,57,161,2051
A-,gabriel01,Eric Morgan,Male,"924 Rachel Forge Apt. 323
Port Ryanburgh, MD 14038",xmanning@yahoo.com,31,68,175,2516
A-,nancynash,Timothy Hunter,Male,"62056 Nicholas Track Apt. 880
Lopezfurt, AR 60300",brandonpatel@gmail.com,30,76,176,2813
AB-,gloversonya,Cesar Santiago,Male,"701 Martinez Tunnel
Hodgeshaven, NE 86975",michaelramirez@gmail.com,29,68,167,2298
B-,phart,William Abbott,Male,"66116 Kane Light Apt. 310
Gloriaborough, CA 73336",mary90@gmail.com,37,64,170,2352
B-,veronica24,John Ellis,Male,"0274 Smith Highway
North Donna, MH 03243",williamhutchinson@yahoo.com,36,68,176,2682
A-,ricardo16,Brandon West,Male,"USNS Solis
FPO AA 19162",harriscrystal@gmail.com,24,51,162,2049
B+,stephaniehernandez,Joseph Koch,Male,"6269 Jackson Forest Suite 075
Lake Margaretside, PR 97630",ellisonjohn@gmail.com,31,56,175,2302
A+,vholt,John Randolph,Male,"USNS Wilson
FPO AP 58074",elizabethpoole@yahoo.com,36,51,167,2191
B+,jessicacollins,Travis Bray,Male,"741 Sanders Station
Michaelfurt, MS 44615",ewilliams@hotmail.com,38,63,172,2416
AB-,amanda26,Andrew Ford,Male,"82994 Foster Orchard
South Lynntown, SC 15765",fmeyers@yahoo.com,33,52,163,1892
A-,powellshane,William Mueller,Male,"84670 Evans Plain
Thomasland, FL 32545",swilliams@hotmail.com,29,72,174,2574
B+,burgessrobert,James Dixon,Male,"94364 Fletcher Trace Apt. 349
East Nicholasport, MI 64763",lmartin@yahoo.com,27,60,161,2378
A-,gware,Aaron Reese,Male,"6845 Travis Shores Apt. 949
East Christopher, TN 43219",jamierogers@hotmail.com,31,61,162,2159
O-,robert95,Robert Cantu,Male,"740 Johnston Run
Mitchellmouth, MT 93946",bwaters@gmail.com,27,66,170,2604
O+,umarshall,Micheal Clark,Male,"9934 Rachel Tunnel Apt. 657
Port Willie, UT 32106",bridgestiffany@gmail.com,37,65,167,2324
O+,carlosbell,Jermaine Reyes,Male,"5180 Wallace Springs
Bethbury, AK 22600",jesus59@gmail.com,31,55,162,1938
O-,bennettstacey,Matthew White,Male,"906 Daniel Courts
Figueroaville, RI 45233",grantthomas@gmail.com,29,59,162,2074
O-,alvarezpatrick,Joseph Harris,Male,"PSC 3173, Box 8408
APO AE 23151",tonya84@hotmail.com,28,57,164,2144
B+,carol18,Brandon Hill,Male,"19963 Johnson Cape
Victoriamouth, NY 62488",sarawallace@yahoo.com,32,54,162,2040
B-,dominicsmith,Joshua Shepherd,Male,"4331 Gray Forks Suite 595
East Phillip, NJ 27958",michaelpadilla@gmail.com,30,77,178,2514
AB-,preed,Donald Mitchell,Male,"PSC 6495, Box 0758
APO AA 83661",darlenezimmerman@gmail.com,31,60,159,1993
B-,stephenpage,Ryan King,Male,"2645 Cole Fields Apt. 869
Julieton, MS 13584",hamiltonaaron@gmail.com,43,64,163,2361
A-,yolanda46,Mark Jordan,Male,"345 Ramsey Mill
Kellyberg, MH 26725",michelebaird@hotmail.com,35,66,173,2539
O+,katherine91,David Lewis,Male,"96537 Sarah Mountain Apt. 916
Markfurt, MA 40164",john09@hotmail.com,27,65,168,2287
A+,josephmoore,Richard Perez,Male,"535 Emily Tunnel
New Claudiamouth, NC 63855",jsullivan@yahoo.com,30,74,173,2714
AB+,josepherin,Daniel Moore,Male,"987 Sherry Courts Apt. 467
Aaronborough, KY 05049",drosales@yahoo.com,22,61,168,2186
B+,regina87,Gregory Price,Male,"5588 Griffith Pine
Seanshire, KY 07701",chad51@gmail.com,32,60,177,2215
A+,randallvargas,Ronald Armstrong,Male,"1090 Brown Crescent
Hollyfort, WY 30410",nicholas79@hotmail.com,33,54,168,2235
O+,millerbrian,Jonathan Walker,Male,"170 Pamela Vista
Kyleside, SD 34055",qschultz@gmail.com,29,62,175,2374
B-,randrews,Christopher Weiss,Male,"22000 Werner Row Suite 839
Roberttown, MD 87044",murphyandre@yahoo.com,35,70,168,2505
B+,foxlouis,John Black,Male,"938 Jermaine Fort Apt. 661
Butlerside, MA 21218",charleswiggins@yahoo.com,33,60,166,2160
A-,salinaspatrick,Timothy Bailey,Male,"408 Diane Lane
Gallowaymouth, LA 74556",achapman@hotmail.com,20,60,171,2206
B-,christinerobertson,Jeremy Phillips,Male,"01719 Emily Estates
North Stacey, CT 58158",jillianhiggins@gmail.com,30,76,175,2603
B+,lsmith,Dillon Lawson,Male,"Unit 9988 Box 5490
DPO AP 58928",steven96@hotmail.com,30,52,160,2248
O+,lopezpaula,Robert Castillo,Male,"89608 Suzanne Square Apt. 943
North Melanie, WA 01326",brent29@yahoo.com,32,67,178,2623
A+,greerbilly,Christian Osborn,Male,"8307 David Coves
Watersfort, CT 84320",wrightmatthew@gmail.com,31,54,159,2036
B+,hendersonsteven,Sean Johnson,Male,"599 Cynthia Views Apt. 900
Gardnermouth, AK 72153",johnny73@hotmail.com,20,63,172,2548
A+,davislauren,Johnny Petersen,Male,"0993 Bates Tunnel
Williamberg, SC 48427",mcintyrejessica@yahoo.com,36,67,168,2293
O+,barbaraweber,David Fowler,Male,"91240 Sarah Terrace
Vincentstad, SD 70659",amandaconrad@gmail.com,31,67,168,2214
B-,travis96,Jacob Jimenez,Male,"2551 Smith Flats Apt. 235
Coxfort, NJ 79893",teresa39@yahoo.com,30,62,177,2318
AB+,gregoryfranklin,Raymond Cooper,Male,"89963 Robert Lodge
Port Natasha, OR 60896",fergusonamy@yahoo.com,26,61,170,2509
O-,ilucas,Brian Shelton,Male,"30671 Jordan Radial
Carolchester, ND 69873",kevin28@gmail.com,34,53,166,2014
O-,ericbryan,Mr. Jonathan Reese,Male,"56994 Willie Crossing
East Kaylabury, MD 93499",williamsleon@gmail.com,35,53,162,2134
AB+,frankangela,John Hopkins,Male,"40936 Mitchell Shore Apt. 331
Port Morganville, ND 79059",connorle@yahoo.com,20,64,172,2542
A-,darryljimenez,Kenneth Jones,Male,"73801 Janice Corner Suite 168
Johnport, FL 64165",brandyrobinson@yahoo.com,20,49,159,2143
O+,zcastillo,Anthony Vega,Male,"44455 Jeffrey River Suite 611
Mccormickborough, OH 09299",lisa49@hotmail.com,33,63,178,2311
AB-,vreeves,Marc Abbott,Male,"3258 Vazquez Cliffs Suite 729
Mooreburgh, SD 02059",snyderrichard@gmail.com,28,61,159,2313
AB-,gtaylor,Daniel Jarvis,Male,"0942 Christopher Mall Apt. 921
Cynthiaview, OR 42747",rogerschristopher@gmail.com,26,64,175,2222
B+,taylorjeff,Joe Moss,Male,"69309 Patton Tunnel
Port Ryan, PA 36718",tblanchard@hotmail.com,32,52,164,1908
B+,robert23,Benjamin Stokes,Male,"USCGC Rios
FPO AE 88710",camposdiane@gmail.com,43,75,177,2658
AB-,richard27,Darrell Gilbert,Male,"9249 William Forges
Wellsport, GA 87971",thomas59@gmail.com,28,64,171,2385
O-,amy50,Joshua Stephens,Male,"2500 Harmon Island Apt. 604
South Chelsea, NJ 64014",joannemurphy@hotmail.com,31,52,163,2059
A-,christopher55,Jason Holmes,Male,"633 Robinson Vista Suite 980
Moralestown, ME 76458",matthewgarcia@gmail.com,21,51,160,2086
AB-,judithjackson,Mark Hanson,Male,"223 Brittany Underpass Apt. 191
North Jacobchester, MO 70535",nathanielwest@yahoo.com,27,72,175,2608
AB+,icain,Micheal Reynolds,Male,"2489 Freeman Throughway
South Melissahaven, KS 59330",steven50@hotmail.com,36,60,171,2258
AB+,daryl24,Steven Salinas,Male,"7644 Hernandez Gateway
Gibbsmouth, PA 30430",sanchezkevin@hotmail.com,31,56,162,2223
AB+,timothyramirez,Gregory Morgan,Male,"9509 Sarah Fords Apt. 057
Stevenfurt, OH 56772",allenapril@gmail.com,29,63,172,2504
B+,adam33,Connor Williams,Male,"5810 Kelly Island
South Timothy, IA 53407",zbaxter@gmail.com,24,69,177,2481
O+,vneal,Randy Evans,Male,"70886 Lewis Path
Smithstad, PA 24139",phillipscarolyn@yahoo.com,23,63,170,2172
A+,thomas48,Jason Hale,Male,"1453 Linda Trace Suite 812
Murphychester, MI 29689",haasmelissa@gmail.com,29,67,178,2500
A-,gjohnson,Charles Chandler,Male,"6895 Mcneil Camp
New Amanda, FL 70593",webercory@gmail.com,30,53,163,2142
A+,johndougherty,Randy Martin,Male,"092 Rogers Roads Apt. 209
South Royborough, MP 67517",hunterclaire@yahoo.com,41,61,170,2122
AB+,gkelley,James Hopkins,Male,"193 Castillo Drive Suite 583
Lake Kristinchester, CT 52244",hilltroy@hotmail.com,38,59,171,2158
O+,mary10,Christopher Ray,Male,"369 Ray Fort
Kennethside, VA 57775",ublack@hotmail.com,28,56,159,2192
AB-,tony52,Matthew Chambers,Male,"45545 Nunez Island Suite 653
Wagnerville, IL 66348",stevensloan@yahoo.com,23,59,175,2452
B-,michellejensen,Timothy Mcconnell,Male,"303 Jennifer Walk Apt. 003
South Marybury, WY 59403",ckirk@yahoo.com,27,47,159,1908
AB+,gregoryweaver,David Townsend,Male,"4713 Steven Spurs
West Brookeshire, PW 88590",kathleensullivan@yahoo.com,24,53,167,2048
B-,kjoseph,Thomas Thomas,Male,"8132 Evans Shores Suite 119
Thompsonstad, GA 53216",fischernicholas@yahoo.com,33,70,170,2415
B+,salazargary,Gregory Petersen,Male,"2717 Curtis Ports
Boyleland, KY 37909",wallacestephanie@yahoo.com,30,66,168,2211
AB+,anthonywest,Michael Huerta,Male,"Unit 5962 Box 2345
DPO AE 34865",tammy95@hotmail.com,30,58,165,2137
O-,vkelly,Michael Cole,Male,"394 Watson Freeway
Leeport, VI 73874",erica49@yahoo.com,20,63,174,2378
AB+,matthewmorrison,Bradley Johnson,Male,"122 Boyle Junction
Sanchezport, IL 57190",nelsonsusan@hotmail.com,32,76,178,2616
B-,yyoung,James Cooper,Male,"411 Richard Harbors
Lake Ashley, VT 89429",kayla63@yahoo.com,36,56,171,2378
O+,nelsonlinda,Jesse Goodman,Male,"7428 Nelson Fort
Port Patricia, VT 14155",ian91@hotmail.com,33,49,158,2065
AB-,kimdonald,David Gardner,Male,"76216 Warren Street
Sandovalside, DE 35327",andrew28@hotmail.com,26,56,169,2310
A+,james99,Justin Davis,Male,"69503 Mark Cove
Wendyhaven, AZ 82981",chandanielle@hotmail.com,36,60,160,2203
B-,garrett19,Anthony Long,Male,"036 Black Orchard Suite 041
Angelaborough, WV 77154",zaguilar@gmail.com,33,58,169,2132
B+,tina68,Kevin Blankenship,Male,"Unit 4692 Box 8794
DPO AP 35194",jmartin@gmail.com,34,50,160,2180
B+,smithoscar,Brandon Ray,Male,"96415 David Ports Suite 898
Port Davidland, AR 29732",ubrock@hotmail.com,31,51,163,2056
B-,kjordan,Michael Barrett,Male,"234 Andrea Crescent Suite 900
Jonesburgh, CT 73672",daniel62@yahoo.com,31,67,168,2425
B+,patrickguzman,Christopher Alvarado,Male,"58410 Tyler Inlet
North Amanda, AZ 40996",timothy40@hotmail.com,34,49,159,2046
O-,brittanywilliams,Jonathan Ritter,Male,"2128 Cunningham Oval
Powellview, UT 96892",melaniedavis@hotmail.com,29,66,171,2471
AB+,woodardlisa,Cody Williams,Male,"03631 Alison Brooks
Lake Steve, KS 15834",scottroberts@hotmail.com,24,62,165,2458
O-,dwilson,Steven Anthony,Male,"49482 Chris Oval Suite 194
Michaeltown, FM 67374",burtonthomas@gmail.com,29,58,173,2408
O+,jesserice,Jeffrey Torres,Male,"0616 Bender Manors
Kelseyborough, CA 44913",kaitlyn81@gmail.com,28,75,175,2837
B-,mwilliams,David Ball,Male,"PSC 6626, Box 3939
APO AE 70080",courtney25@yahoo.com,37,56,171,2184
O-,zlopez,Douglas Wright,Male,"23241 Diaz Burg
South Joshuafort, MA 05218",gonzalezmatthew@gmail.com,35,63,168,2378
B-,nathan87,Charles Black DDS,Male,"Unit 4324 Box 7871
DPO AP 44826",perkinsmatthew@gmail.com,27,57,168,2024
B+,edavis,Shawn Gutierrez,Male,"080 Yu Fall
South Danabury, AK 61264",marshkaren@yahoo.com,31,47,161,2090
AB-,andrea05,Brian Miller,Male,"1863 Sherman Islands
North Hollytown, MD 10359",heatherwest@yahoo.com,37,74,175,2579
A+,rogergarcia,Timothy Alexander,Male,"100 David Land
New Erica, OR 20940",laura69@gmail.com,31,58,171,2085
O-,davidshields,Daniel Dixon,Male,"88908 Andrew Drive
Salazarmouth, NE 37597",michaelgoodman@gmail.com,24,62,176,2434
AB+,bridgetpadilla,Derrick Freeman,Male,"21320 Scott Stravenue Suite 989
West Colin, ID 95387",ibrown@gmail.com,30,60,178,2539
O-,newtonkaren,Anthony Park,Male,"25133 Diane Fort Suite 188
Carterberg, AR 38781",andersonpeter@hotmail.com,21,66,174,2608
B-,conleydaniel,Frank Acosta,Male,"PSC 6525, Box 3969
APO AP 55012",awoods@gmail.com,28,53,163,1886
AB+,zparsons,Richard Meyer,Male,"936 Gilbert Unions
Lake Mary, AR 25638",josephwood@yahoo.com,28,57,167,2334
A+,johnsonkyle,Robert Alvarez,Male,"00964 Justin Islands
Lindaton, CO 51434",alfredmata@hotmail.com,31,54,164,1985
B+,yvazquez,Joshua Simmons,Male,"953 John Rue
Lake Randallmouth, FM 16005",laurawilliams@gmail.com,33,59,166,2086
A+,vcastillo,Matthew Mullins,Male,"5906 Ann Square Suite 320
East Jeremyburgh, WA 91836",daniel34@hotmail.com,37,62,163,2311
B-,ipotts,Scott Parker,Male,"66501 Brown Vista Apt. 499
Karenhaven, KS 11075",jennybaldwin@yahoo.com,27,56,163,2177
A+,nvega,Donald Moore,Male,"841 Hardin Drive Apt. 880
Port Terriborough, MO 64867",jonathan41@yahoo.com,35,52,169,1928
A-,antonioespinoza,Brian Hughes,Male,"805 Julie Spring Suite 283
West Autumnstad, KY 50408",michaeljones@yahoo.com,34,72,170,2439
A+,rachel84,William Jones,Male,"6998 Vanessa Knolls
South Jason, AZ 44815",rjones@hotmail.com,27,63,176,2402
O+,twatson,Juan Mack,Male,"4877 White Isle
North Dale, MN 24176",christinaperez@gmail.com,32,61,170,2131
O-,robert24,Jamie Fleming,Male,"54772 Pitts Walk
West Jessicaton, ND 94405",rogerskatherine@hotmail.com,30,59,160,2077
A-,rebecca00,David Greene,Male,"Unit 2978 Box 2863
DPO AA 52003",powerscheryl@gmail.com,33,73,174,2639
B+,jharvey,Steven Morrison,Male,"265 James Field
Mckeeland, NH 26525",timothyharris@yahoo.com,31,60,164,2286
A+,andreawilliams,Kenneth King,Male,"863 Jessica Hills Apt. 827
New Joshua, OR 80173",howellarthur@gmail.com,28,62,176,2548
A-,thomaserik,Richard Buchanan,Male,"272 Steele Station Apt. 990
Waltersview, MP 28220",russellbenjamin@yahoo.com,21,66,172,2531
B+,daniel66,Chad Scott,Male,"91650 Jones Trafficway Apt. 487
Williamfurt, ND 08755",greendavid@yahoo.com,34,57,169,2322
A-,vgregory,Jeffery Thompson,Male,"6542 Diaz Keys
Lake Kaitlin, VT 37429",jared92@gmail.com,21,58,175,2273
O-,brianvang,Michael Goodwin,Male,"836 Sandra Ferry Apt. 603
South William, NY 83571",chadmitchell@yahoo.com,28,57,174,2386
O-,robert36,Richard Perez,Male,"6762 Michael Squares Apt. 060
South Stacy, VT 06808",ashleycastillo@hotmail.com,25,51,160,1822
B-,jonesian,Carl Ortiz,Male,"8051 Juarez Isle Suite 440
West Rebecca, AR 70854",mccannrebecca@gmail.com,30,66,164,2331
A-,clarktara,Jason Sutton,Male,"99040 Daniel Knoll Suite 288
West Kristinside, PA 45098",bgay@hotmail.com,26,79,178,2793
B-,allengutierrez,Michael Peterson DDS,Male,"3224 George Plaza Suite 730
North Kevinmouth, NV 72458",wendydoyle@yahoo.com,30,73,175,2690
B-,rellis,David Torres,Male,"40748 Dawn Valley Suite 489
East Vincent, MT 61608",alexis58@hotmail.com,25,69,172,2550
AB+,phillipadams,Michael Baxter,Male,"53304 Douglas Station Apt. 987
Thomasland, ID 17178",bboyd@hotmail.com,32,63,175,2201
AB+,baileyphilip,David Smith,Male,"62424 Cunningham Underpass
Thomasstad, GA 19910",penakyle@gmail.com,24,69,173,2522
O+,keithdonaldson,Robert Singh,Male,"82363 Davila Lakes
Clarkshire, DE 97576",pjohnson@gmail.com,26,73,175,2593
AB+,carteranthony,Jacob Moore,Male,"PSC 0444, Box 7817
APO AE 89741",debra29@yahoo.com,27,77,177,2577
A-,boneal,Cody Hudson,Male,"8364 Guerra Locks Apt. 660
Normanbury, SC 43263",millerryan@hotmail.com,26,59,169,2047
AB+,mooremary,Shawn Leon,Male,"3086 Hardy Estate Apt. 162
Lake Samantha, TX 33353",joseph88@yahoo.com,31,46,159,1993
B+,sarahking,Harry Herrera,Male,"01206 Emily Roads
Guerrafort, OR 82862",pfisher@hotmail.com,30,59,171,2343
AB-,helenkim,Richard Lambert,Male,"8048 Nina Glens Suite 075
East Jessicatown, NC 81011",thomas69@gmail.com,24,59,164,2071
O-,wallzachary,Mike Rose,Male,"1021 Reed Vista
South Mary, IL 65197",laurenroberson@yahoo.com,25,65,178,2617
B-,stephanie86,Preston Fields,Male,"USNV Phillips
FPO AP 87745",milesangela@hotmail.com,31,50,158,2174
AB-,fbarton,Cory Morales,Male,"178 Stacy Walks Suite 107
Ashleystad, AK 30490",wendy28@hotmail.com,23,54,161,2051
A+,vtaylor,Billy Gordon,Male,"54694 Justin Bypass Apt. 790
Julieborough, AL 89083",morgansteven@hotmail.com,35,77,178,2575
A-,knightkatelyn,William Matthews,Male,"598 Jones Unions Apt. 043
South Joshua, IL 25971",yestrada@hotmail.com,31,56,170,2053
AB-,loriosborne,Brandon Little,Male,"14121 Diaz Square
Cookshire, DE 31850",amandajenkins@yahoo.com,43,64,164,2474
A-,turnerrobert,Ronald Green,Male,"018 Timothy View
Lopezview, ID 83561",bowencaitlin@gmail.com,20,64,178,2279
AB-,aguilartammy,Keith White,Male,"PSC 4843, Box 9615
APO AP 26799",michaelbrown@gmail.com,36,58,172,2330
AB+,fosterjohn,Ryan Rivera,Male,"01429 Burke Mall
East Jacqueline, VT 31015",wallacealexander@gmail.com,32,55,166,2091
B-,hooveramy,Andrew Rivera,Male,"807 Weiss Locks
Lake Laura, PR 11452",owensrobert@yahoo.com,29,50,166,2049
AB-,bowersbethany,Jeffrey Castillo,Male,"72563 Ramos Rue Suite 875
Kathleenberg, AL 32465",melinda85@hotmail.com,35,63,160,2133
B-,khansen,Charles Watson,Male,"478 Joseph Fields
Lake Jessica, HI 36494",marycollins@yahoo.com,26,58,159,2145
AB+,wlove,Bryan Villarreal,Male,"3684 Smith Wall
West Paula, DC 85547",tanya50@gmail.com,32,51,159,2193
B+,qrobbins,Bryan Castro,Male,"30176 Andrew Mews
East Beth, NE 17809",ykennedy@gmail.com,31,59,166,2112
B+,anthonyrichards,Lawrence Harvey,Male,"Unit 8038 Box 6606
DPO AA 03953",sloanjason@yahoo.com,33,63,165,2496
O-,sduncan,Robert Hernandez,Male,"678 Wilcox Plaza
Gregorychester, PA 15895",georgebriggs@yahoo.com,24,52,167,2045
B+,hernandezamanda,Kyle Holland,Male,"647 Walker Centers
Dyerside, FM 66224",millerbethany@yahoo.com,40,71,174,2562
O+,hoopermary,Michael Jones,Male,"USNV Miller
FPO AP 63070",ryan55@hotmail.com,27,65,170,2469
B+,williamsjessica,Gregory Friedman,Male,"62231 Richards Ferry Apt. 859
Lake Autumn, WY 24416",courtney96@hotmail.com,35,65,177,2248
B-,perezyesenia,Jacob Miles,Male,"08884 Dean Field Suite 060
West Jesusfurt, PA 81761",edwardskimberly@yahoo.com,29,59,161,2075
AB-,rjuarez,Jason Nelson,Male,"5353 Martinez Village
Rhodesview, AK 89550",chadpetty@yahoo.com,25,64,165,2350
A+,danielchristine,Veronica Cox,Female,"95614 Joanna Locks Suite 971
Hansontown, VI 50849",sandrabowen@hotmail.com,33,59,154,2084
AB+,qwilliams,Jennifer Mejia,Female,"1941 Baker Pines
Holtland, KS 23001",david60@hotmail.com,26,54,163,2109
B+,coreyhicks,Melissa Finley MD,Female,"19221 Patrick Overpass
North Deborah, AL 43301",williamsjon@hotmail.com,31,46,148,1694
A+,gregorygates,Allison Steele,Female,"359 Hoffman Skyway
Johnstonberg, UT 88276",kgarcia@hotmail.com,32,58,165,1968
B-,wking,Carrie Myers,Female,"637 Smith Ferry Suite 484
Johnton, MI 07211",joannagiles@hotmail.com,25,58,161,2076
O+,kiarawilliams,Emily Andrews,Female,"27214 Velazquez Court Suite 391
North Lindaland, UT 54153",schwartzmaria@yahoo.com,31,62,165,1998
A+,jamesjimenez,Leah Stone,Female,"93351 Andrews Street Apt. 979
Hernandezborough, PA 91313",rtaylor@yahoo.com,32,56,163,2151
A+,kevin51,Laura Hernandez,Female,"1475 Marie Cape
East Scott, RI 68896",amartin@yahoo.com,24,63,165,2053
AB-,wrightbrent,Madison Mueller,Female,"123 Olson Squares
East Josephland, MN 60636",llittle@gmail.com,31,56,163,1950
A-,fishercatherine,Tricia Schmitt,Female,"51349 Jack Canyon Suite 159
Kimberlyport, TX 02480",dana84@yahoo.com,38,43,149,1763
O+,olopez,Dr. Christine Singh MD,Female,"2813 Margaret Tunnel
Boydfurt, CA 19111",jorge74@gmail.com,20,64,162,1993
A+,jacob11,Kaitlin Hill,Female,"092 Rick Points Apt. 910
Kimberlyview, FM 43258",roberthanna@hotmail.com,20,48,162,1924
A+,davidwalker,Tina Sullivan,Female,"15116 Christina Ports
North Erikview, ME 45541",donald75@yahoo.com,43,48,153,1915
B+,jacobrodriguez,Susan Wilson,Female,"500 David Hill Apt. 797
East Susan, KS 52813",jennifer18@hotmail.com,39,59,155,1981
A-,kristie13,Denise Harper,Female,"20909 Mary Fork Suite 663
Lopezberg, NE 91055",sotokaren@yahoo.com,31,62,160,1995
AB-,juliahall,Alexandra Lee,Female,"PSC 0042, Box 2575
APO AA 53812",ddominguez@hotmail.com,29,52,165,2110
A-,christy58,Alison Rios,Female,"691 Klein Light Apt. 245
Port Jacob, UT 02308",paul11@hotmail.com,32,53,158,1816
AB-,sschultz,Sheila Little,Female,"4299 Duran Mews Apt. 055
Lake Ricardo, IL 60997",vgarcia@gmail.com,28,57,154,2095
O-,marshalyssa,Patricia Harrison,Female,"3314 Ramirez Creek
Richardsburgh, AZ 83890",michaelwright@hotmail.com,37,54,159,2023
B-,wmartin,Cynthia Hansen,Female,"16865 Wallace Shoals
Port Darleneland, OH 56288",wwilliams@gmail.com,26,56,161,1987
AB-,iking,Melissa Rojas,Female,"61094 Miller Rue Apt. 488
Rosariofurt, IL 62898",espinozabryan@hotmail.com,34,59,159,2081
O+,ushaw,Heather Fox,Female,"5523 Patterson Green
West Luke, DC 20683",blevinsjesse@yahoo.com,28,62,164,2054
AB-,shannon87,Melissa Moore,Female,"197 Robles Passage Suite 451
West Christopher, NV 83944",fhall@gmail.com,25,52,163,1785
A+,shane74,Sonya Koch,Female,"79336 Flores Passage Apt. 701
Joelbury, MD 71204",xholmes@hotmail.com,27,44,153,1743
AB+,emilygilbert,Sherri Beck,Female,"74560 Bethany Coves
Port Darren, IL 83786",erichernandez@gmail.com,26,55,162,2085
B+,barbara98,Stephanie Bonilla,Female,"42097 Derek Alley Apt. 601
New Stephenville, OR 78248",dbonilla@yahoo.com,33,56,153,1794
AB-,jennifernewman,Heather Johns,Female,"1447 Susan Courts Apt. 803
South Jessica, AS 87344",vhines@hotmail.com,29,51,155,1920
A-,nelsonallen,Melinda Nicholson,Female,"7535 Kevin Station Suite 160
West Kristinbury, NH 13075",fsullivan@gmail.com,32,62,164,2074
B-,rita77,Rebecca Boyd,Female,"5295 Lambert Crossing Suite 424
South Connie, AZ 13027",christinarobinson@gmail.com,27,64,163,2051
O+,wboyd,Shelly Massey,Female,"456 Molly Street
West Trevor, IA 54291",keithjohn@yahoo.com,34,51,162,1840
AB+,bishopangelica,Carrie Lam,Female,"287 Angelica Run Suite 889
Ashleyview, ID 64799",gregorybrown@hotmail.com,35,43,152,1778
AB+,gina30,Anita Cooper,Female,"58887 Rasmussen Manors
Richardstad, IA 21640",natalie06@hotmail.com,29,46,153,1792
A-,walkerrodney,Sandra Gonzalez,Female,"0935 Gardner Unions
Alexachester, VI 28479",chaseallison@hotmail.com,28,49,148,1697
A-,austinphillips,Lisa Holloway,Female,"34255 Pierce Turnpike
Vasquezmouth, KY 78542",meghan97@yahoo.com,29,53,149,2021
B-,browntyrone,Patricia Smith,Female,"USNS Vazquez
FPO AP 00617",peterstone@hotmail.com,36,49,158,1859
B-,kathy17,Pamela Henderson,Female,"62540 King Greens Suite 341
Gregoryside, ID 99123",ochoajohnny@hotmail.com,26,45,154,1789
O-,williamsjacob,Victoria Taylor,Female,"309 Camacho Forge Apt. 906
Joneschester, OH 61556",igomez@yahoo.com,27,57,165,2007
O+,eric59,Kayla Bender,Female,"461 Sheila Branch
Port David, PW 42218",christian61@yahoo.com,36,46,148,1916
B-,gbrown,Amy Coleman,Female,"7973 Andrew Village
West Traceyshire, AZ 02951",parkerkendra@hotmail.com,28,60,156,1906
AB-,rellis,Lisa Gutierrez,Female,"35644 Hobbs Loop
West Jennaville, VA 17407",danielnguyen@hotmail.com,29,43,149,1663
O+,darlenemcfarland,Alexis Lewis,Female,"57139 Olsen Field
Wilsonbury, NC 59714",grayjennifer@yahoo.com,32,65,163,2112
B+,gaydonald,Katie Galloway,Female,"16179 Allison Spurs
Davisville, MH 17954",tracyserrano@gmail.com,44,52,163,1845
B+,eallen,Sydney Kelly,Female,"94892 Amber Mountain Apt. 587
Stephaniehaven, NY 46576",mbruce@yahoo.com,22,51,157,1937
B-,leachkeith,Dr. Kelly Williams,Female,"2834 Avila Forge
Lucasmouth, UT 37381",pdunn@yahoo.com,24,58,161,2163
B-,stephaniemontoya,Debra Jenkins,Female,"127 Brown Courts
Michaelfurt, WI 33960",valerie80@hotmail.com,26,50,157,1781
B-,callahanjames,Jenna Rivera,Female,"80910 Diane Falls Suite 469
East Juliemouth, ID 17842",tmorton@gmail.com,41,64,164,2197
A-,vpark,Sheri Montes,Female,"Unit 3838 Box 3763
DPO AP 60417",ireyes@gmail.com,40,48,161,1933
AB-,anthony39,Deborah Simmons,Female,"3791 Duncan Drive Apt. 682
Jamesmouth, SD 75032",mcdanielanthony@hotmail.com,29,47,149,1747
O-,sonyabaldwin,Sarah Juarez,Female,"4288 Krista Loop Apt. 272
Port Danielhaven, OR 08681",juliaburke@yahoo.com,20,61,163,2122
O+,houseleslie,Emily Lopez,Female,"5511 Lawrence Radial
Kingmouth, DE 94851",james35@gmail.com,27,60,164,2113
AB+,tadams,Lauren Gaines,Female,"6892 Jaclyn Glen Suite 302
Port Janet, MI 01464",gfisher@yahoo.com,30,63,163,1963
O+,wilsonmichael,Cynthia Brown,Female,"29810 Julia Divide
Maryview, LA 22922",carpentermichelle@yahoo.com,35,50,162,2047
AB-,anthonysanders,Nancy Wood,Female,"24488 Felicia Forks Suite 620
Lake Barbaraside, VI 09226",elizabeth80@gmail.com,31,61,165,1924
A+,richardreynolds,Sheri Brown,Female,"863 Steven Station Suite 709
Arielside, OR 53100",nicholassmith@gmail.com,25,64,161,2041
A+,carolberry,Wendy Conrad,Female,"579 Olsen Road
Teresachester, CT 92770",brianna09@gmail.com,29,54,163,1975
B+,lperez,Nicole Hernandez,Female,"Unit 5494 Box 0223
DPO AP 56576",ashleyshannon@gmail.com,28,45,150,1777
AB-,robertdrake,Laura Smith,Female,"93227 Tiffany Landing Suite 526
Wilsontown, IA 49152",richardsonwilliam@hotmail.com,35,56,158,2000
O+,gilmoretonya,Erica Kim,Female,"78302 Haney Island Apt. 321
South Gregorychester, MS 41621",tracey90@gmail.com,34,44,149,1811
O+,gregorymcgrath,Amy Bonilla,Female,"2709 Taylor Roads
Daviesberg, KY 40361",maryrich@yahoo.com,27,51,154,1761
A-,hallariel,Jessica Williams,Female,"6996 Moore Streets
North Tracy, ND 15087",cherrystacie@hotmail.com,26,62,163,2069
AB-,lewismatthew,Sarah Morgan,Female,"468 Richardson Summit Suite 443
Smithmouth, AL 44383",mmcdonald@gmail.com,28,44,150,1876
B+,vduran,Melinda Willis,Female,"174 Davis Mall
New Jenniferchester, WA 79507",ehowe@yahoo.com,28,54,158,2018
O-,salasjames,Ann Malone,Female,"56848 Hansen Camp
Lake Normanmouth, KY 74742",frobinson@gmail.com,32,51,162,1927
O+,alvarezaudrey,Jennifer Hughes,Female,"366 Haley Meadow
Perkinsmouth, TN 94963",knoxangelica@hotmail.com,23,55,151,2005
B-,joseph10,Chelsea King,Female,"9167 Jesus Mount
East Charlene, WY 98825",catherine01@hotmail.com,37,61,163,1921
A-,navarrojonathan,Amanda Gibbs,Female,"Unit 2371 Box 4412
DPO AE 81863",andrea81@hotmail.com,44,61,163,2223
B-,elewis,Sheri Foley,Female,"02565 Rebecca Flat
New Ashleyhaven, VT 63410",mathewsjustin@gmail.com,38,45,149,1678
O+,karenjohnson,Jennifer Davis,Female,"294 Frank Islands Apt. 479
Lindastad, WI 07228",cody33@hotmail.com,32,45,149,1705
O-,parkerphilip,Amy Stewart,Female,"75849 Ward Burgs
Carpentermouth, MN 46966",csmith@yahoo.com,39,46,158,1897
B-,bkelley,Emily Johnson,Female,"14472 Michelle Rue
Lake Alanview, HI 25296",mclay@yahoo.com,34,56,155,2032
A+,amanda62,Melissa Hernandez,Female,"Unit 3104 Box 2857
DPO AP 91090",powellsean@hotmail.com,26,53,162,1889
B+,gregorylucas,Kathy Watkins,Female,"62231 William Gateway
Michaelville, AK 59786",ohart@gmail.com,32,45,156,1839
A+,terrymorgan,Deborah Hernandez,Female,"3544 Barnes Springs
Lopezside, CA 93770",carolcox@yahoo.com,37,58,158,1921
AB-,lisagonzalez,Jasmine Robinson,Female,"79213 Matthew Locks
Port Juan, AL 70623",frankbrewer@gmail.com,30,55,158,2012
B+,jack35,Jordan Cardenas,Female,"75326 Elizabeth Fords
Lopezville, NM 38787",ericlewis@hotmail.com,32,53,162,2070
A-,melissa12,Mrs. Tiffany Johnson DDS,Female,"3158 Chan Estate Apt. 523
Lake Dianeside, NH 79678",salazarkevin@hotmail.com,39,45,152,1639
O+,hayley55,Amber Garcia,Female,"261 Katherine Landing
West Amandaburgh, MP 65106",dbrown@hotmail.com,28,48,154,1731
B-,jonathanjordan,Kim Berry,Female,"5121 Victor Fork Suite 626
Gilbertchester, WV 22774",nicholasberger@hotmail.com,32,52,148,1861
AB-,millsandrew,Danielle Smith,Female,"29062 Caleb Station
South Christopher, TX 40541",markobrien@gmail.com,36,55,163,2023
A-,melissa42,Anna Carlson,Female,"9098 James Club
Steventon, UT 96017",qdavis@yahoo.com,32,53,155,1821
AB-,ecain,Angela Powell,Female,"5284 Monica Well Suite 465
Meyerhaven, OK 66120",ronald03@hotmail.com,37,44,153,1824
B-,william91,Monica Harris,Female,"52075 Dudley Mountain Suite 000
Lake Michaelfort, TN 77600",larryhall@hotmail.com,33,52,154,1829
B+,jamesreyes,Peggy Wells,Female,"5376 Frederick Passage Apt. 536
South Gabrielhaven, AZ 16994",ashley83@yahoo.com,29,55,155,2105
AB+,natashamoore,Alicia Montgomery,Female,"41406 Gabriel Meadow
Port Joseph, VT 61443",palmerkristin@yahoo.com,26,50,155,2027
A-,fernandezjessica,Megan Cole,Female,"233 Karen Summit
West Richardfurt, WV 58214",johnsonpeter@gmail.com,33,55,152,1923
A+,acarroll,Deborah Kennedy,Female,"21658 Nelson Forest Suite 312
New Josephbury, ID 92387",hhoward@gmail.com,35,51,165,2022
AB+,thomas41,Holly Garcia,Female,"345 Brett Haven
Thompsonland, NC 79208",crollins@gmail.com,20,53,157,1999
AB+,powellstephen,Kelly Woodward,Female,"0730 Taylor Mountain Apt. 721
Shawburgh, WI 94307",kimberly75@yahoo.com,37,50,150,1788
A+,qmoran,Mary Williams,Female,"44686 Mayer Landing
West Brian, AZ 04354",richardsonpatricia@yahoo.com,33,50,153,1809
B+,caitlin75,Suzanne Sandoval,Female,"030 Paul Fields Apt. 789
Jonesmouth, TN 15342",wilsondiana@gmail.com,34,44,148,1746
O-,melissa33,Amber Foster,Female,"PSC 8046, Box 9190
APO AA 01102",parkerjose@gmail.com,23,59,160,1898
B+,mollysaunders,Mary Reynolds,Female,"894 Davis Lodge Suite 617
North Sharon, NY 09913",yjohnson@hotmail.com,28,50,148,1852
O-,rgutierrez,Jackie Riley,Female,"62677 Jeffrey Divide Apt. 312
Simonmouth, AZ 31619",haleyjessica@yahoo.com,26,51,151,1914
O-,diazhaley,Julie Dennis,Female,"7525 Davis Trail Apt. 798
Lake Charlesbury, DE 21468",hernandezmichael@hotmail.com,27,48,153,1841
B+,chaneyjessica,Melissa Blackwell,Female,"PSC 2250, Box 5196
APO AP 52074",tonya53@gmail.com,21,51,158,1935
O+,lmahoney,Pamela Brown,Female,"3498 Mccoy Creek Suite 136
South Ronaldburgh, IN 93250",nriley@gmail.com,33,49,163,1964
B+,richardtorres,Kathleen Perez,Female,"41908 Burgess Ways
New David, HI 30944",xreed@yahoo.com,29,53,151,1829
A-,sean62,Samantha Hanson,Female,"6040 Dean Crossing Suite 654
Jasonfurt, OR 87989",jillianwhite@hotmail.com,33,56,160,2002
O+,ugray,Jennifer Love,Female,"95611 Jackson Drive
Cynthiaton, IN 74353",dianechambers@gmail.com,33,50,161,1794
B+,mackenzie15,Paula Black,Female,"USS Mccullough
FPO AE 56924",fbrown@hotmail.com,28,52,162,1941
O-,qbryan,Tina Lowery,Female,"Unit 4081 Box 2225
DPO AP 23278",rcox@hotmail.com,22,61,164,2174
B-,samanthajohnson,Danielle Hart,Female,"8086 Terri Glens
West Joseph, TN 28395",fnorman@yahoo.com,26,53,161,1931
AB-,stephanie74,Summer Short,Female,"52893 Kelly Meadow
South Elizabeth, TX 52136",lamdavid@yahoo.com,42,48,150,1867
O-,jacoblarson,Donna Ryan,Female,"4796 Singh Manors Suite 179
Pottsburgh, ND 76807",ganthony@hotmail.com,29,57,165,1933
O+,gowens,Amber Jackson,Female,"Unit 5358 Box 3658
DPO AE 71674",calebbowman@yahoo.com,28,59,164,1944
AB+,robert25,Sharon Wilson,Female,"07859 Oscar Estates
Lake Kevin, DC 96988",brooke37@yahoo.com,32,64,162,2113
A-,watsonemily,Angie Hernandez,Female,"PSC 4584, Box 1167
APO AA 55960",phelpsbrenda@yahoo.com,24,56,155,1918
AB-,patelronald,Kathleen Soto,Female,"29967 Rebecca Parks
Fitzpatrickburgh, WV 72226",cherryruben@hotmail.com,36,56,156,2050
O+,jameschristopher,Sandra Crawford,Female,"0513 Rachel Springs
South Abigail, OK 62132",craighill@hotmail.com,24,46,150,1757
B-,carlosbennett,Heidi Gibson,Female,"33605 Thomas Expressway Suite 413
Port Kimberlyfurt, TX 06736",rreeves@hotmail.com,20,57,152,2019
A+,glennjoan,Ashley Riley,Female,"339 Jonathan Parkways
North Tarashire, AL 91611",trobertson@hotmail.com,35,47,156,1686
A-,anthonymoore,April Moore,Female,"54632 Brandon Plaza Apt. 448
Morrisview, NJ 73154",daniel75@yahoo.com,25,59,160,2173
AB-,grimesmichelle,Eileen Davidson,Female,"4923 Travis Common
South Mikayla, WV 14492",jwu@yahoo.com,37,55,150,1813
A+,lewismichelle,Yolanda Whitney,Female,"221 Anderson Keys
New Erin, NM 02554",april20@hotmail.com,32,59,155,2089
B+,codyford,Patricia Lewis,Female,"528 Carter Meadow Apt. 066
Houseside, AZ 38485",rosalesvirginia@yahoo.com,26,56,161,1860
B+,erin50,Karen Martinez,Female,"88126 Hernandez Harbors
South Carolyn, VI 50274",valenzuelajeffery@gmail.com,21,65,163,2072
A+,robinmosley,Linda Santana,Female,"0444 Stanley Bypass
West Kristenberg, AK 90551",rebekahrivera@gmail.com,37,57,153,1916
B+,gillespiejamie,Jasmine Davis,Female,"USNS Jackson
FPO AA 60091",shelley94@hotmail.com,22,51,165,1874
B-,jonathan50,Natasha Finley,Female,"1054 Tate Trail
Port Terriview, AK 05361",uhorton@yahoo.com,31,49,164,2029
AB-,john74,Rhonda Zimmerman,Female,"668 Dixon Park
Nancyberg, GA 39451",connormurphy@yahoo.com,32,64,164,1969
O-,waltersmadeline,Leah Nixon,Female,"9612 Smith Cliffs
Lake Ashley, TX 07636",douglaswilliams@hotmail.com,28,54,163,2002
O+,lnewman,Michele Anderson,Female,"63288 Cole Prairie
West Kyle, OR 66598",fsanchez@gmail.com,24,58,159,2026
A-,christinarodriguez,Vanessa Carroll,Female,"6865 Michael Turnpike
New Tracimouth, NC 46556",mcfarlandchristopher@yahoo.com,31,47,156,1807
O+,bjohnson,Alyssa Blanchard,Female,"697 Holly Drive
Codyburgh, ME 63662",michellemccarthy@yahoo.com,31,50,158,2014
AB+,cohendana,Jennifer Owens,Female,"96848 Owens Junctions
North Dannystad, SC 42544",jalvarado@yahoo.com,32,58,154,2016
AB+,latoya87,Kari Martin,Female,"937 Brian Loop
East Robert, VT 38100",markmeadows@hotmail.com,25,57,156,1977
AB-,cristian95,Shannon Sanchez,Female,"793 Nicholson Locks
Davisburgh, DC 53436",mholland@gmail.com,26,50,164,1855
A-,stephanie22,Katherine Stewart,Female,"59996 Amy Mountain
North Jonathanburgh, WA 25134",ryanerik@hotmail.com,36,56,162,2052
O-,marcia22,Jessica Thompson,Female,"24040 Rangel Pass
Port Shelleymouth, IA 10549",melissamitchell@gmail.com,20,55,156,1862
O-,nallen,Sharon Bauer,Female,"22443 Courtney Cove Apt. 366
South Alexandrafort, VI 25632",fgross@gmail.com,33,44,152,1691
B-,elizabeth24,Monica Hodge,Female,"29647 Laura Hill
West Andrewmouth, AR 13281",powellmason@yahoo.com,22,53,150,1878
B-,kelly88,Laurie Rocha,Female,"2752 Henderson Place Apt. 009
Romeroville, FM 35247",holmesterrence@hotmail.com,24,58,155,2081
O-,matthew81,Victoria Day,Female,"09265 Mark Forges Suite 207
Port Corymouth, SC 56379",choiamy@hotmail.com,29,66,164,1997
O+,katherineyoung,Kayla Fitzpatrick,Female,"9703 Owens Islands
Erinshire, SC 31951",christinerobbins@yahoo.com,39,49,163,1984
AB-,nguyenashley,Julie Bailey,Female,"USNS Rivera
FPO AA 77464",alexandrabeck@hotmail.com,36,51,148,2001
AB-,paige91,Jennifer Jones,Female,"05189 Betty Extensions Suite 548
East Dana, OH 10881",phillipsstephanie@hotmail.com,29,49,157,1948
O-,david85,Heidi Foster,Female,"532 Farrell Ridges
Morgantown, DC 20099",millerjoshua@hotmail.com,33,53,161,2045
B+,belldanielle,Bridget Cole,Female,"40908 Brooks Wells
Kellybury, UT 14836",javierhorton@hotmail.com,38,48,156,1801
AB+,jennifermcintyre,Kimberly Tran,Female,"87892 Meyer Gateway
East Andrew, IA 49747",craig58@yahoo.com,33,58,163,1985
B+,ajohnson,Stacey Sanchez DVM,Female,"599 Ramsey Mount
Edwardview, NJ 16766",gomezdavid@yahoo.com,40,50,149,1743
A-,nicholasmartin,Ruth Shelton,Female,"1486 Farmer Green
Lake Samuel, AL 36789",travis63@yahoo.com,33,56,158,2127
B-,erodriguez,Nicole Cardenas,Female,"4520 Porter Prairie
Johnsonmouth, ND 71805",erica37@gmail.com,30,56,159,2018
O-,whitney84,Jessica Russell,Female,"552 Jeremy Mission Apt. 559
Lake Eric, PR 08264",shawnstewart@hotmail.com,33,45,148,1727
B-,patriciacharles,Ashley Williams,Female,"84762 Brian Roads Apt. 046
North Jenniferborough, VT 55267",zhernandez@gmail.com,32,61,157,2026
O+,hayneskelly,Savannah Ford,Female,"18873 Norman Freeway
Joshualand, NV 79428",kristendavidson@yahoo.com,29,51,152,2033
O+,julie58,Jennifer Rogers,Female,"512 Smith Isle
Lake Jamesburgh, KS 48547",abigailweaver@gmail.com,25,49,151,1825
B+,kruegerwillie,Kathy Hughes,Female,"07238 Alexander Point
Armstrongmouth, MT 56904",pattonkathleen@hotmail.com,31,45,149,1624
B-,mmartin,Stephanie Burgess,Female,"778 Jessica Fork Suite 113
East Carolynview, GU 99644",eperez@gmail.com,36,56,163,2010
AB+,michael57,Crystal Martin,Female,"586 Regina Highway Suite 435
Martinstad, MI 33662",jessicahowe@gmail.com,37,57,164,2110
AB+,pmontgomery,Jacqueline Garrett,Female,"6034 Jennifer Trafficway Apt. 543
Lake Douglasburgh, MA 83438",moorejennifer@yahoo.com,32,56,158,1872
A+,cameronrobert,Melissa Morrison,Female,"278 Bowman Squares
Port Tammy, ID 22514",lindsey03@hotmail.com,32,52,155,1874
O+,lynnfrancis,Julie Yang,Female,"6858 Heather Lodge
Port Alejandra, IA 42156",dsmith@hotmail.com,35,47,148,1682
A-,kathleen92,Stephanie Murphy,Female,"08399 Malone Landing Apt. 150
Alexanderfort, ND 26115",tanderson@hotmail.com,30,42,148,1717
AB+,fdelgado,Cathy Fletcher,Female,"Unit 6606 Box 9073
DPO AE 25449",bthompson@yahoo.com,35,52,154,1916
A-,leealexander,Barbara Collins,Female,"961 Martha Course Suite 836
Kathyfurt, MO 73440",dana45@hotmail.com,25,50,162,1846
AB+,smithsarah,Rachel Mcdaniel,Female,"15084 Megan Branch
Gonzalezbury, DE 35835",martinezjoseph@gmail.com,28,54,151,1944
AB-,morenoedward,Pamela Phillips,Female,"00096 Boone Divide
Richberg, MN 28188",perezandrew@gmail.com,33,50,165,1887
A+,christopheranderson,Jennifer Douglas,Female,"8481 Lance Summit
New Michele, PA 52195",blackwilliam@gmail.com,31,43,151,1900
AB+,storres,Jacqueline Pace,Female,"395 Mikayla Port Suite 829
Rodriguezborough, ME 37295",raymond25@hotmail.com,31,53,157,2052
A+,bdavis,Jennifer Acevedo,Female,"568 Smith Walks Suite 014
Margarettown, NY 45158",allisonsheila@hotmail.com,31,55,158,1811
AB-,poncemichael,Diane Davis,Female,"51519 Johnson Viaduct Suite 084
Robertsberg, IL 11321",munozselena@gmail.com,34,68,165,2084
A+,david56,Monica Wright,Female,"099 King Grove Apt. 013
West Heatherstad, NV 87817",srios@hotmail.com,35,43,149,1830
AB-,leslie64,Mary Crawford DDS,Female,"36071 Salinas Stream
New Dawn, NV 13487",nlopez@hotmail.com,29,58,165,1921
A-,wadethomas,Margaret Hanson,Female,"25804 Marquez Route
South Wesleymouth, OR 81903",lauralogan@gmail.com,27,51,155,1947
O-,charles72,Kimberly Moore,Female,"Unit 0269 Box 8771
DPO AE 86151",walkertimothy@gmail.com,39,47,154,1885
B+,wendy98,Kimberly Dominguez,Female,"1353 Bishop Course
East Megan, AS 19510",michelleaguilar@gmail.com,21,50,149,1810
AB-,iobrien,Lauren Brown,Female,"84393 Beth Loaf
Lake Kyletown, PW 26812",allenmichael@gmail.com,45,58,156,1884
B+,lopezmaria,Christina Pittman,Female,"89474 Billy Plaza
New Andreaton, WI 03972",mary26@gmail.com,34,50,153,1903
B+,russellking,Karen Castillo,Female,"39953 Mcneil Land
Danielshire, MA 85594",neil79@yahoo.com,30,50,152,2019
